NPA,Low_Cost_Healthcare_Proximity_2017,Low_Cost_Healthcare_Proximate_Units_2017,Low_Cost_Healthcare_Proximity_2016,Low_Cost_Healthcare_Proximate_Units_2016,Grocery_Proximity_2017,Grocery_Proximate_Units_2017,Grocery_Proximity_2016,Grocery_Proximate_Units_2016,Grocery_Proximity_2015,Grocery_Proximate_Units_2015,Grocery_Proximity_2014,Grocery_Proximate_Units_2014,Grocery_Proximity_2011,Grocery_Proximate_Units_2011,Pharmacy_Proximity_2017,Pharmacy_Proximate_Units_2017,Pharmacy_Proximity_2016,Pharmacy_Proximate_Units_2016,Pharmacy_Proximity_2015,Pharmacy_Proximate_Units_2015,Pharmacy_Proximity_2013,Pharmacy_Proximate_Units_2013,Pharmacy_Proximity_2011,Pharmacy_Proximate_Units_2011,Park_Proximity_2017,Park_Proximate_Units_2017,Park_Proximity_2016,Park_Proximate_Units_2016,Park_Proximity_2015,Park_Proximate_Units_2015,Park_Proximity_2013,Park_Proximate_Units_2013,Births_to_Adolescents_2016,Births_to_Adolescents_2014,Births_to_Adolescents_2012,Births_to_Adolescents_2010,Low_Birthweight_2016,Low_Birthweight_2014,Low_Birthweight_2012,Prenatal_Care_2016,Prenatal_Care_2014,Prenatal_Care_2012,Age_of_Death_2016,Age_of_Death_2014,Age_of_Death_2012,Age_of_Death_2010,Public_Health_Insurance _2017,Public_Health_Insurance _2015,Public_Health_Insurance _2014
2,21,231,21,230,33,353,19,205,19,205,19,204,21,223,1,9,2,18,19,206,20,219,20,218,53,574,53,576,53,575,53,575,6.7,1.4,0,6.2,10,21.6,9.2,60,75.7,84.6,70,68,70,62,15,18,13
3,75,3976,85,4011,63,3349,66,3113,66,3118,54,2565,57,2540,92,4848,91,4320,91,4330,95,4513,95,4245,90,4741,96,4524,96,4547,94,4467,3,3.5,4.4,3.8,6.9,8.7,7.2,80.2,83,92.3,70,70,70,74,6,4,8
4,3,11,23,93,13,52,13,52,13,52,13,52,21,85,0,0,15,60,14,58,15,60,15,60,1,6,1,6,1,6,1,6,0,7.1,0,0,5.9,14.3,0,70.6,85.7,100,76,80,80,84,1,1,1
5,40,128,29,93,10,31,13,43,14,45,14,45,35,116,49,159,52,170,52,172,52,170,9,31,97,311,93,302,93,307,93,306,12.5,13,3.8,13.3,16.7,17.4,3.8,50,52.2,69.2,65,65,55,55,43,53,38
6,65,525,65,528,67,544,67,548,67,547,67,550,81,671,83,679,86,701,86,701,91,749,87,714,65,527,65,534,65,533,65,536,5.3,8.9,10.3,13.5,7,25,10.3,49.1,55.4,62.1,66,60,65,70,38,48,35
7,27,117,40,171,47,202,47,200,47,199,47,198,43,180,37,159,37,157,37,156,37,155,37,155,85,367,85,362,85,360,84,357,0,0,0,0,18.2,0,10,63.6,91.7,100,79,81,75,,,,
8,29,298,29,298,13,135,13,135,13,135,12,127,12,108,0,5,32,327,32,331,32,331,24,217,67,694,68,701,67,695,68,697,0,0,0,0,5,4.7,4.7,80,90.7,93,84,85,80,82,13,9,20
9,99,291,99,301,85,249,81,246,80,243,81,246,98,299,100,294,100,304,100,301,100,304,100,304,100,294,100,305,100,302,100,305,0,0,5.3,3.1,5.6,17.4,10.5,77.8,87,84.2,62,74,80,,11,10,7
10,62,984,62,986,78,1245,78,1246,78,1245,78,1245,69,1096,86,1358,86,1365,80,1269,80,1270,80,1273,100,1579,100,1585,100,1585,100,1588,1.8,3.6,10.6,4.2,12.4,14.4,14.4,60.2,71.2,73.1,69,67,71,67,29,29,29
11,30,375,31,374,63,772,63,767,55,675,56,675,57,689,31,378,47,571,46,567,60,723,59,710,100,1231,100,1225,100,1225,100,1212,0,0,0,0,7.8,10.1,10.5,82.2,85.4,100,77,83,77,77,1,1,1
12,93,1169,93,1169,0,0,0,0,0,0,0,0,0,0,100,1257,100,1257,100,1257,100,1257,0,0,59,738,59,738,59,738,59,738,4.3,8.3,6.8,7.2,9.6,12.5,11.4,53.2,52.1,63.6,64,62,58,49,31,34,27
13,0,0,0,0,14,257,0,0,0,0,0,0,0,0,24,436,24,435,24,432,23,415,23,416,69,1263,68,1251,68,1248,68,1234,2.6,3.9,4.2,1.6,9.4,6.8,6.3,56.4,56.3,61.5,64,67,63,68,16,18,15
14,47,764,47,764,63,1011,63,1010,63,1011,63,1012,60,969,63,1011,63,1010,63,1011,63,1012,63,1012,86,1393,86,1395,86,1396,86,1396,3.9,1,0,3.9,15.5,6.7,16.5,59.7,68.6,76.5,64,65,65,64,14,16,10
15,0,0,0,0,0,0,0,0,0,0,0,0,0,0,0,0,0,0,0,0,0,0,0,0,59,503,59,493,59,488,58,480,0,0,0,1.7,13.6,4.8,4.3,76.3,85.7,95.7,78,73,75,75,5,6,5
16,13,275,57,1208,16,344,16,344,19,409,19,409,3,73,41,871,67,1422,54,1137,61,1281,61,1288,47,986,47,986,47,984,47,984,3.7,3,2.7,5.2,9.8,14.8,10.3,57.9,58,72.6,65,63,67,69,29,31,22
17,31,383,31,383,75,946,38,470,38,472,38,472,0,0,33,416,33,416,33,416,33,416,32,408,89,1117,89,1117,89,1120,89,1120,7.8,2,10.8,10.9,17.5,11.1,16.2,41.8,59.6,56.8,67,67,72,66,30,36,28
18,72,1202,83,1409,26,439,29,498,29,497,29,497,1,8,72,1194,73,1243,83,1412,83,1401,82,1309,79,1322,81,1368,81,1365,81,1369,0,2.7,0,3.1,12.8,5.5,13.6,74.4,86.3,87.7,79,84,77,76,4,4,4
19,0,0,0,0,34,607,34,607,34,607,35,607,29,510,34,607,35,618,35,618,35,618,35,618,76,1339,76,1339,76,1339,76,1336,2.1,1.1,0,1.1,9.3,3.2,8.5,81.4,85.3,87.8,77,80,75,78,4,5,2
20,22,321,22,321,69,1009,69,1009,69,1009,69,1009,74,1077,54,789,75,1083,75,1083,75,1083,75,1083,16,225,15,225,15,225,15,225,1.4,0,0,1.2,10,4.1,7.1,71.4,82.2,85.7,79,76,74,75,4,5,3
21,28,337,28,337,36,445,0,0,0,0,0,0,41,483,0,0,43,532,43,529,43,525,41,479,92,1122,92,1125,92,1123,92,1123,0.9,1.7,4,1.9,10.2,8.3,7.9,44.4,55.4,54.5,57,62,68,51,30,37,32
22,0,0,0,0,0,0,0,0,0,0,0,0,18,85,0,0,0,0,0,0,0,0,0,0,100,696,100,508,100,499,100,364,10,8.3,5.3,8.7,15,0,21.1,45,66.7,78.9,58,68,69,68,10,15,12
23,1,3,1,3,0,0,0,0,0,0,0,0,0,0,0,0,0,0,0,0,0,0,0,0,97,532,97,533,97,533,97,533,7.7,5.6,0,6.7,12.8,5.6,14.3,71.8,55.6,75,69,68,67,75,49,50,45
24,0,0,0,0,0,0,0,0,0,0,0,0,0,0,36,160,33,147,0,0,0,0,0,0,99,441,99,441,99,443,98,464,2.8,8.9,2.4,3.6,11.1,6.7,4.9,61.1,64.4,68.3,77,80,78,82,7,12,13
25,0,0,0,0,26,296,26,296,27,296,27,296,21,230,26,296,26,296,27,296,27,296,27,296,45,504,44,495,44,489,52,579,0,0,0,0,3.5,3,8.9,86,72.7,95.6,78,74,70,71,3,4,2
26,0,0,0,0,13,140,13,136,13,136,13,136,14,146,0,0,0,0,0,0,0,0,0,0,1,15,1,15,1,15,1,14,1.7,1.4,3,0,1.7,5.7,7.6,65,68.6,80.3,71,75,69,71,8,11,7
27,0,0,0,0,68,674,68,674,68,674,68,674,67,659,68,674,68,674,68,674,68,674,68,673,7,67,7,67,7,67,7,67,0,0,4.2,4.7,13.9,4.3,4.2,56.9,55.7,74.6,64,75,47,49,19,23,20
28,88,488,100,550,62,344,62,342,62,343,63,343,50,273,62,344,93,511,62,343,94,513,94,512,38,210,38,209,38,210,38,210,0,0,0,0,4.8,0,0,85.7,88.2,95.7,87,82,80,76,3,1,2
29,0,0,0,0,0,0,0,0,0,0,0,0,0,0,0,0,0,0,0,0,0,0,0,0,0,0,0,0,0,0,2,12,0,11.8,0,0,11.5,17.7,9.1,84.6,70.6,90.9,83,73,81,70,4,5,2
30,96,1057,96,948,54,595,28,275,17,146,0,0,0,0,57,620,52,511,18,152,1,7,1,6,100,1096,100,987,95,810,100,504,7.5,6.6,9.1,6.5,13.4,23,22.7,43.3,63.9,70.5,66,61,65,69,32,45,56
31,27,182,26,179,24,164,24,161,24,160,24,162,0,0,5,31,4,28,4,27,4,30,4,30,21,141,21,141,21,141,21,141,0,0,0,0,6.8,8.7,9.1,86.4,89.1,97,83,79,75,80,2,2,1
32,0,0,0,0,100,220,100,220,100,220,100,220,100,220,100,220,100,220,100,220,100,220,100,220,80,176,80,176,80,176,80,176,0,,,0,11.1,,,66.7,,,,,73,,7,7,7
33,62,390,62,390,93,587,62,391,62,391,94,587,64,390,93,587,93,587,93,587,94,587,96,587,0,1,0,0,0,0,0,0,1.3,0,0,0,13.8,7.1,4.2,65,69.6,68.8,62,57,,,8,12,6
34,0,0,0,0,31,257,32,261,32,257,31,253,29,227,34,281,35,292,35,288,35,280,33,258,0,3,0,0,0,0,0,0,7.8,3.5,7.7,7,14.3,10.5,13.8,58.4,57.9,56.9,63,73,63,66,30,32,24
35,0,0,0,0,0,0,0,0,0,0,0,0,0,0,0,0,0,0,0,0,0,0,0,0,0,0,0,0,2,16,2,16,1.4,9.4,3.8,2.1,7,5.7,5.7,71.8,71.7,86.8,65,72,68,66,15,21,15
36,48,637,51,625,36,482,32,393,32,393,21,223,18,188,36,482,32,393,32,393,21,223,22,223,86,1140,85,1046,85,1045,82,865,0,0,0,2.9,7.3,7.8,2.4,73.9,78.1,75.6,75,70,73,68,8,9,8
37,0,0,0,0,15,113,13,99,13,99,13,100,0,0,5,35,4,34,4,34,4,35,5,38,100,776,100,774,100,779,100,780,3.5,7.1,6.9,19,21.1,14.3,16.7,63.2,51.8,77.8,57,61,68,64,32,36,35
38,0,0,0,0,32,271,32,271,32,271,32,271,34,289,18,149,26,216,19,158,32,271,15,123,61,516,61,516,61,516,61,516,0,2.2,0,0,8,6.7,11.5,70,82.2,73.1,72,76,64,68,6,7,5
39,0,0,0,0,14,143,12,112,12,111,12,111,33,309,0,0,0,0,0,0,0,0,0,0,15,145,14,138,14,135,14,133,7.8,6.2,4.7,1.3,14.3,13.6,15.1,66.2,60.5,70.9,72,65,62,65,19,27,16
40,36,435,48,576,68,810,64,767,64,762,64,762,62,730,68,811,78,930,71,841,71,841,67,789,72,860,72,859,72,852,72,850,3.3,2.3,8.6,12,10.8,10.2,8.6,47.5,46.6,57,61,65,64,64,28,33,23
41,1,9,1,9,50,386,44,338,43,334,49,382,12,95,37,290,46,354,46,357,46,357,43,329,100,774,100,773,100,773,100,773,2.4,3.3,0,3.8,2.4,6.7,7.7,57.1,70,73.1,71,72,73,69,12,14,9
42,0,0,0,0,3,46,3,46,3,46,3,46,2,27,3,46,3,46,3,46,3,46,3,46,82,1095,82,1095,82,1095,82,1095,1.6,0,2.3,0,11.5,11.1,4.5,80.3,91.1,90.9,70,77,76,67,6,6,5
43,0,0,0,0,62,403,62,403,62,403,62,403,59,376,62,403,62,403,62,403,62,403,62,395,0,0,0,0,0,0,0,0,0,0,3,0,2.6,7.7,3,71.1,87.2,84.8,82,77,82,60,6,9,9
44,0,0,0,0,0,2,0,2,0,2,0,2,0,0,0,2,0,2,0,2,0,2,0,2,74,357,74,351,74,341,74,336,0,0,0,0,26.7,4.8,9.1,80,76.2,100,56,,,68,4,3,1
45,0,0,0,0,5,60,0,0,0,0,0,0,0,0,8,104,3,39,0,0,0,0,0,0,17,223,12,145,11,130,10,116,0.7,0.6,0,0.6,10.5,6.3,11,80.9,83.1,83.7,67,59,60,70,7,8,6
46,0,0,0,0,97,925,97,925,97,925,97,925,90,865,35,334,35,334,35,334,35,334,35,334,37,357,37,357,37,357,37,357,1.9,5,0,2,9.6,5,7.3,55.8,47.5,67.3,72,68,71,66,16,17,12
47,0,0,0,0,100,591,100,639,100,640,100,640,98,631,0,0,100,639,100,640,100,640,100,640,0,0,0,0,0,0,0,0,0,0,0,0,12.2,6.1,3,80.5,90.9,90.9,78,86,81,78,10,6,7
48,0,0,0,0,16,100,18,109,18,109,18,111,0,0,0,0,0,0,0,0,0,0,0,0,76,463,76,465,76,465,76,467,2.8,0,0,4.5,13.9,10.6,10.7,52.8,57.5,60.7,66,67,72,71,22,27,21
49,0,0,0,0,0,0,0,0,0,0,0,0,0,0,0,0,0,0,0,0,0,0,0,0,26,253,26,253,26,252,26,252,4.7,2.9,5.1,2.9,12.5,5.9,10.2,56.3,69.1,66.1,71,65,71,66,17,21,13
50,73,774,73,774,74,783,74,784,74,784,74,783,71,744,70,742,69,727,72,754,64,674,64,674,41,436,41,436,41,436,41,435,2.5,7.4,5.8,10.1,10.6,8.8,5,50,41.2,50,52,64,66,68,39,50,42
51,33,250,33,256,0,0,0,0,0,0,0,0,0,0,0,0,0,0,0,0,0,0,0,0,100,761,100,765,100,732,100,737,3.1,0,2.7,0,15.6,9.5,18.9,75,85.7,89.2,68,66,75,61,6,8,6
52,0,0,0,0,0,0,0,0,63,349,77,686,42,374,35,207,38,207,38,207,23,208,24,211,61,361,57,316,51,283,73,653,8.6,2.7,9.5,6.4,10.3,12.2,12.7,46.6,60.8,59.5,62,70,64,58,29,38,26
53,0,0,23,280,28,295,24,295,24,295,28,295,0,0,29,309,25,309,41,502,34,358,32,340,38,408,33,408,100,1220,100,1058,5.6,6.7,9.7,7.2,12.5,13.3,9.7,47.2,38,47.6,67,60,58,48,32,35,32
54,0,0,0,0,2,14,1,5,1,5,1,5,7,39,2,13,1,5,1,5,1,5,1,4,55,315,56,313,58,323,58,324,9.3,4,10.3,9.2,8,5.3,6.9,34.7,38.2,58.6,65,67,68,64,28,36,29
55,36,290,39,311,4,30,4,30,4,30,4,30,10,83,0,0,5,41,5,41,5,41,5,40,0,0,0,0,0,0,0,0,0,2.6,0,7.3,2.4,7.7,8.3,73.2,71.8,88.9,76,80,77,79,6,9,6
56,48,174,48,174,93,337,93,337,93,337,92,332,85,305,95,347,96,348,96,348,84,302,84,302,0,0,0,0,0,0,0,0,0,0,0,0,20,0,11.1,80,60,77.8,,89,71,73,9,11,8
57,0,0,0,0,0,0,0,0,95,634,95,634,84,572,0,0,0,0,0,0,0,0,0,0,86,573,86,573,86,573,86,573,1.1,3,6.6,5.8,8.9,3,8.2,41.1,39.4,52.5,61,62,71,66,34,48,34
58,49,239,49,239,82,398,82,398,82,398,82,398,27,133,52,254,89,432,89,432,85,414,85,414,90,435,79,384,79,385,79,385,6.8,2.6,5.7,7.7,8.5,10.5,20,54.2,52.6,57.1,67,70,71,69,32,41,28
59,55,606,55,606,21,238,21,238,21,238,21,238,4,44,52,578,61,680,61,678,48,532,48,532,1,6,1,6,1,6,0,2,4.6,2.6,4.2,5.7,5.7,15.4,5.6,52.3,50,62.5,69,55,69,68,28,29,32
60,0,0,0,0,0,0,0,0,0,0,0,0,0,0,77,1300,72,1000,66,744,66,745,64,638,62,1047,76,1047,70,791,70,790,3.8,3.3,1.9,3.6,7.6,10,11.5,52.8,40,50,46,52,55,66,8,13,11
61,0,0,0,0,1,3,1,3,1,3,1,3,0,0,9,37,9,37,9,38,9,38,9,38,23,101,23,101,23,101,23,101,7.1,0,0,17.4,7.1,3.6,6.5,42.9,64.3,64.5,,54,63,,15,17,8
62,0,0,0,0,0,0,0,0,0,0,0,0,0,0,0,0,0,0,0,0,0,0,0,0,100,64,100,64,100,64,0,0,,,,,,,,,,,,,,,,,
64,0,0,26,528,51,1312,39,794,39,816,37,723,36,704,5,138,30,613,29,603,31,603,31,603,55,1399,27,547,44,919,95,1874,2.2,0,3.6,6.9,5.4,11.2,10.7,54.8,61.8,60.7,63,60,53,53,10,15,11
65,0,0,0,0,0,0,0,0,0,0,0,0,0,0,0,0,0,0,0,0,0,0,0,0,76,932,92,860,40,492,49,528,0.7,0,0,3.6,14,7.5,13.8,66.2,69.2,76.3,66,50,,48,5,4,3
66,6,79,6,79,100,1353,100,1353,100,1353,100,1263,100,1256,56,751,56,751,56,751,52,661,52,654,97,1318,97,1318,97,1318,97,1229,0,1.2,1.5,1.4,6.9,3.6,16.4,58.3,49.4,61.2,74,74,75,77,14,12,16
67,0,0,0,0,0,0,0,0,0,0,0,0,0,0,0,0,0,0,0,0,0,0,0,0,100,631,100,643,100,643,100,631,0,2.6,0,0,7.3,7.9,5.6,60,60.5,72.2,62,,,,5,5,7
68,57,643,57,643,56,631,48,548,48,548,48,547,46,524,64,729,64,729,64,729,64,729,0,0,17,188,17,188,17,188,17,188,0,1.2,3.8,8,14.7,9.6,10.1,75,62.7,70.9,57,64,65,56,16,20,12
69,0,0,0,0,79,564,78,564,76,481,79,600,78,591,67,482,67,482,63,400,69,520,69,520,35,254,36,256,43,273,52,394,0,0,0,0,0,10,0,76.9,70,90,88,65,70,78,1,1,0
70,27,139,23,121,68,354,68,355,68,355,68,357,44,229,66,343,66,344,66,344,66,346,66,345,100,520,100,521,100,521,100,523,10.3,11.1,21.7,21.2,15.4,3.7,13,59,63,56.5,74,72,77,75,42,45,50
71,29,417,29,416,38,537,38,537,38,537,38,536,39,544,60,854,60,854,60,854,60,853,61,853,76,1085,76,1085,76,1085,76,1077,4.8,4.5,5.1,5.1,10.1,7.5,10.2,53.9,39.5,49.5,60,53,55,50,24,29,26
72,0,0,0,1,38,547,49,549,47,549,47,550,42,234,31,441,39,443,38,443,38,444,29,164,0,0,0,0,0,0,0,0,1.6,0,0,0,6.4,5.6,9.1,71.4,63,78.8,60,66,63,61,8,7,7
73,0,0,0,0,6,67,6,67,6,67,6,67,5,52,2,19,2,19,2,19,2,19,2,19,7,81,7,77,5,52,4,37,1,3.5,0,2.1,10.9,7,6.5,61.4,76.7,77.4,74,64,67,71,20,26,20
74,0,0,0,0,69,512,69,512,69,512,69,512,69,508,69,512,69,512,69,512,69,511,69,511,99,732,99,732,99,732,99,732,0,0,0,0,10.3,30.4,0,75.9,87,85.7,73,75,72,80,9,8,5
75,87,690,95,758,45,353,89,708,89,708,88,652,92,620,89,702,89,706,89,706,88,650,87,582,30,238,30,240,30,240,27,201,0,0,0,0,11.1,8.8,0,86.1,88.2,71.4,73,76,71,70,5,6,3
76,7,81,7,75,0,3,0,3,0,4,0,4,2,15,3,36,3,36,0,4,0,3,0,3,16,182,15,169,0,2,0,2,1,0,1.6,0,1,9.8,14.5,77,72,75.8,68,59,59,55,7,7,4
77,57,1270,57,1281,54,1219,54,1220,54,1220,54,1146,49,994,59,1315,59,1316,54,1220,49,1040,50,1031,61,1364,61,1365,60,1347,59,1258,2.6,1.2,2.9,2,6.5,7.3,8.1,72.1,66.1,76.7,68,59,58,60,12,14,10
78,32,296,32,296,29,264,29,264,29,264,30,265,32,265,41,373,41,373,41,373,42,374,0,0,27,246,27,246,27,246,27,246,2.7,2.8,1.2,4.1,8.2,4.2,13.1,60.3,61.1,79.8,61,67,,59,13,15,9
79,18,120,100,518,76,518,100,518,100,518,76,518,0,0,100,679,100,518,100,518,100,679,100,679,0,0,0,0,100,518,100,679,9.6,6.3,6.3,6.3,7,9.9,7.1,32.2,22.5,41.1,48,56,,23,27,42,26
80,0,0,0,0,0,0,0,0,0,0,0,0,0,0,0,0,0,0,0,0,0,0,0,0,46,540,45,528,45,528,46,540,0,0,2.3,0,8.8,11.9,9.3,64.9,59.3,67.4,77,,72,55,10,10,8
81,21,96,21,96,4,17,2,11,2,11,2,11,0,0,57,265,56,253,56,253,56,253,0,0,99,460,99,448,99,448,99,448,0,0,0,0,14.8,7.7,3.7,66.7,73.1,77.8,69,56,66,67,9,11,5
82,0,0,0,0,45,524,46,524,36,322,36,322,41,368,45,524,46,524,36,322,36,322,36,322,75,870,77,871,74,669,74,669,1.1,0,0,0,7.7,15,6.7,71.4,63.3,76.7,56,61,58,75,9,12,6
83,0,0,0,0,0,0,0,0,0,0,0,0,0,0,0,0,0,0,0,0,0,0,0,0,22,66,23,66,22,65,22,65,1.9,5.2,4.7,10.2,1.9,6.9,12.5,55.8,51.7,50,69,68,67,71,49,71,35
84,0,0,0,0,0,0,0,0,0,0,0,0,0,0,13,29,15,37,17,45,17,46,17,46,14,32,11,26,11,28,10,28,12.5,0,0,5.3,0,15.4,0,50,46.2,62.5,76,71,79,67,14,12,10
85,88,673,0,0,36,275,36,276,36,277,36,278,32,248,37,285,37,286,37,287,37,288,37,290,100,767,100,769,100,771,100,776,8.2,2.8,17.1,15.4,17.8,9.9,15.8,60.3,50.7,61.8,64,70,63,65,47,52,45
86,26,285,74,826,26,286,0,0,0,0,0,0,0,0,61,678,61,678,61,682,66,658,72,754,100,1116,100,1116,100,1116,100,993,4.6,4.7,6.2,6.4,7.4,10.4,12.4,49.1,50,58.8,43,50,47,52,23,31,27
87,45,305,48,325,29,200,5,36,5,36,5,36,0,0,28,189,28,190,66,452,66,453,67,460,100,682,100,681,100,682,100,684,4.4,3.1,2.5,7.4,15.2,7.8,14.8,54.4,56.3,66.7,72,75,63,74,15,27,47
88,0,0,0,0,0,0,0,0,0,0,0,0,0,0,0,0,0,0,0,0,0,0,0,0,100,475,100,466,100,469,100,474,9.6,12.7,11.6,18.5,15.4,12.7,23.3,46.2,38.2,74.4,66,73,65,64,42,53,38
89,0,0,0,0,55,303,55,302,55,303,55,303,60,329,0,0,41,227,41,228,42,228,42,228,0,0,0,0,0,0,0,0,2.9,12.9,10.2,7.7,8.6,16.1,6.1,60,41.9,71.4,69,68,62,62,24,29,20
90,15,123,15,123,64,527,6,51,6,51,6,51,0,0,64,529,64,529,68,559,68,559,68,558,100,827,100,827,100,827,100,827,8.3,1.2,1.4,13.8,12.5,6.9,6.8,52.8,46,60.3,73,57,72,72,19,27,19
91,0,0,0,0,0,0,0,0,0,0,0,0,0,0,0,0,0,0,0,0,0,0,0,0,2,15,2,15,2,15,0,2,3.7,6.6,5.2,4.5,11.1,3.3,6.9,53.7,65.6,69,71,62,61,65,23,28,22
92,0,0,0,0,91,1220,91,1220,91,1206,98,1032,100,909,98,1318,100,1344,100,1330,100,1058,100,909,0,0,0,0,0,0,0,0,3.6,1.9,1.8,0,5.5,7.7,7.3,65.5,75,92.7,69,70,70,48,8,7,4
93,99,620,99,620,99,620,99,620,99,620,99,620,99,620,99,620,99,620,99,620,99,620,99,620,0,0,0,0,0,0,0,0,2.3,3.6,3.2,11.4,2.3,21.4,9.7,51.2,42.9,59.7,62,48,49,53,20,27,20
94,0,0,19,70,33,124,33,124,33,124,33,124,0,0,16,60,16,60,25,93,18,70,7,25,99,375,99,375,65,247,99,376,8.3,10.7,3.1,12.1,11.1,14.3,12.5,36.1,46.4,71.9,65,62,58,62,29,36,25
95,0,0,0,0,63,420,63,420,63,420,63,420,61,413,63,426,61,413,62,414,62,414,62,414,1,9,1,9,1,9,1,9,1.8,2.9,0,7.3,12.5,5.7,6.7,57.1,60,80,64,57,56,67,15,14,10
96,34,649,32,590,45,872,44,812,43,769,33,504,21,252,50,960,48,900,44,793,35,531,39,456,0,0,0,0,0,0,0,0,2.5,2.5,2.8,2.8,12.3,9.2,11.2,63.9,65.6,73.8,59,63,59,63,13,15,13
97,0,0,0,0,5,77,4,66,4,66,4,66,11,168,5,77,4,66,4,66,4,66,4,66,86,1354,58,902,58,902,58,896,0,0,1.1,2,3.9,4.8,6.4,67.5,69.1,67,67,67,71,62,10,10,9
98,0,2,1,8,1,9,1,9,1,9,1,9,1,9,1,10,1,10,1,10,0,1,0,1,18,176,18,173,18,173,19,173,1,0,1.1,2.5,5.8,9.7,9.7,67,75.8,67.7,68,75,63,56,20,24,16
99,0,0,0,0,0,0,0,0,31,200,31,200,28,182,0,0,0,0,0,0,0,0,0,0,100,645,100,645,100,643,100,645,3.9,2.3,0,0,7.8,11.4,12.2,58.8,65.9,78,70,72,79,68,17,22,15
100,37,259,37,259,37,260,40,283,41,285,41,285,35,247,1,4,23,161,23,163,23,163,25,175,99,690,99,692,99,694,99,694,0,12.1,8,14.3,17.9,24.1,6,50.8,46.6,60,68,60,68,61,32,41,28
101,0,0,0,0,0,0,0,0,0,0,0,0,0,0,0,0,0,0,0,0,0,0,0,0,5,33,5,33,5,33,5,33,3.2,4.3,6.9,10.1,17.2,6.4,10.3,47.3,37.2,42.2,57,72,49,52,26,34,31
102,10,51,10,51,77,406,51,269,51,269,51,268,0,0,15,77,15,77,15,77,15,77,15,77,49,256,49,256,49,255,49,255,2.3,5,8.2,8.1,14,2.5,12.2,53.5,35,44.9,58,63,67,66,26,30,26
103,0,0,0,0,0,0,0,0,0,0,0,0,0,0,0,0,0,0,0,0,0,0,0,0,1,7,1,7,1,7,1,7,10,0,5.9,5.1,16,6,13.7,48,62,62.7,68,72,66,72,37,40,39
105,9,76,10,76,0,0,0,0,0,0,0,0,0,0,5,40,5,40,6,38,7,38,8,35,99,859,99,775,99,625,92,483,0,0,0,3.3,11.1,9.7,4.8,73.7,88.7,81,74,77,76,,8,13,14
106,97,710,97,710,99,722,99,722,99,722,99,722,99,720,50,366,50,366,98,714,98,714,98,714,2,12,2,12,2,12,2,12,4.4,2.8,3.3,1.8,2.9,5.6,5,42,38,48.3,50,61,,56,24,26,25
107,0,0,0,0,0,0,62,416,39,416,39,416,0,0,2,11,62,416,39,416,39,416,1,11,64,431,64,431,40,431,40,431,0,1.3,3.6,9.2,6.2,5.3,10.8,52.3,61.3,61.4,64,62,58,54,26,22,28
108,0,0,0,0,0,0,0,0,0,0,0,0,0,0,0,0,0,0,0,0,0,0,0,0,34,188,34,187,34,188,34,187,8.6,3.1,0,7.1,2.9,0,13.2,71.4,65.6,73.7,78,68,75,82,17,17,25
109,43,420,44,413,46,448,44,421,43,393,44,385,39,328,46,448,44,421,43,393,44,385,44,364,4,38,27,255,28,256,29,257,0,2.4,0,2.3,11.1,7.1,0,75.6,88.1,83.7,72,74,69,72,11,10,12
110,32,246,32,246,33,251,33,251,33,250,33,251,33,251,33,251,33,251,33,250,33,251,33,251,33,254,34,255,34,255,34,255,0,2.2,2,0,25.5,15.6,4.1,66.7,73.3,81.6,68,74,64,73,8,9,7
111,0,0,0,0,29,314,0,0,0,0,0,0,0,0,30,329,17,184,0,0,0,0,0,0,0,0,0,0,0,0,0,0,0,0,2.3,1.9,9.4,7.1,8.1,62.3,73.8,67.4,63,62,71,51,20,16,12
112,0,0,0,0,0,0,0,0,0,0,0,0,0,0,0,0,0,0,0,0,0,0,0,0,19,121,21,121,22,121,22,120,0,2.6,0,7.5,13.6,5.3,15.2,61.4,52.6,65.2,68,68,71,78,15,22,15
113,0,0,0,0,0,0,0,0,0,0,0,0,0,0,0,0,0,0,0,0,0,0,0,0,26,393,27,395,28,395,29,395,8.6,2.1,0.9,5.7,7.8,11.3,10.4,66.4,71.1,80.2,65,68,64,68,22,27,18
114,0,0,0,0,0,0,0,0,0,0,0,0,0,0,0,0,0,0,0,0,0,0,0,0,93,411,56,249,55,232,54,231,8.5,2.6,11.4,15.1,14.9,13.2,20,40.4,36.8,68.6,59,59,70,65,35,38,31
115,31,561,35,638,12,212,12,212,12,212,12,212,31,476,42,777,12,212,12,212,12,212,33,509,20,364,20,364,20,371,18,313,0,0,0,1,12.1,6.4,9.5,69,77.6,79.4,72,68,67,66,4,4,3
116,54,708,56,709,71,941,63,796,65,798,67,800,74,833,60,787,72,906,73,907,76,911,81,905,25,333,15,189,14,179,16,191,4.2,4.4,2.4,8.9,9.5,10.2,10.4,61.9,52.6,58.4,72,61,64,62,21,29,30
117,0,0,0,0,20,302,22,318,22,318,23,318,23,318,20,302,22,318,22,318,23,318,0,0,1,20,1,21,1,21,1,16,1.5,1.5,3.2,5.1,11.9,14.5,16.9,55.2,60.9,64.5,56,57,57,47,22,30,20
118,0,0,0,0,0,0,0,0,0,0,0,0,0,0,0,0,0,0,0,0,0,0,0,0,71,316,76,328,77,327,79,327,0,4,0,0,8.6,0,4.2,91.4,92,70.8,78,83,68,70,3,4,4
119,0,0,0,0,27,127,27,127,27,127,27,127,24,111,0,0,25,117,25,117,25,117,25,118,92,428,92,428,92,428,91,427,2.7,6.9,2.9,8.3,13.5,3.5,14.7,59.5,62.1,73.5,77,75,65,62,17,22,15
120,0,0,0,1,0,0,0,0,0,0,0,0,0,0,0,0,0,0,0,0,0,0,0,0,100,584,100,579,100,598,100,594,11,8.3,3.3,6.9,17.8,10,23,46.6,50,73.8,61,74,68,63,56,59,50
121,0,0,0,0,0,1,0,1,0,1,0,1,4,30,0,1,0,1,0,1,0,1,0,1,53,435,53,434,53,434,53,434,1.2,2.9,11.7,5.2,8.5,10.1,5,57.3,58,63.3,63,62,69,72,30,36,24
122,,,,,,,,,,,,,,,,,,,,,,,,,,,,,,,,,,,,,,,,,,,,,,,,,
123,82,888,82,889,1,14,1,14,1,14,1,14,1,14,1,14,1,14,1,14,1,14,1,14,90,978,92,998,92,998,92,998,4.6,5.3,6.9,6.9,12.1,15.8,13.8,57.6,57.9,74.1,72,73,74,69,31,34,29
124,59,518,81,722,93,823,93,826,93,828,93,828,84,744,72,635,72,635,71,636,93,828,93,828,100,885,100,888,100,890,100,890,4,9.4,11.6,14.8,10,15.1,18.6,56,43.4,76.7,65,67,67,67,34,41,30
125,0,0,0,0,0,0,20,211,0,0,0,0,0,0,0,0,0,0,0,0,0,0,0,0,83,987,81,868,41,440,42,438,0,3.8,5.3,8.3,23.6,9.5,11.7,50.6,60,77.7,53,61,68,62,26,39,29
126,0,0,0,0,0,0,0,0,0,0,0,0,2,1,0,0,0,0,0,0,0,0,0,0,100,343,100,290,100,251,100,189,7.7,0,0,,19.2,15.4,0,61.5,53.9,63.6,,,,,45,42,72
127,19,188,47,462,66,650,66,650,66,650,66,650,67,661,27,267,27,267,27,267,27,267,59,578,0,4,0,4,0,4,0,0,3.3,6.3,6,7.8,8.9,8.9,12,48.8,54.5,70,78,84,80,78,31,35,29
128,1,11,1,11,8,81,8,80,8,80,8,80,4,39,47,481,46,480,8,80,8,80,8,80,88,893,88,916,88,917,87,911,7.5,4.9,7,13.7,11.7,12.6,8,54.2,43.7,51,67,60,63,58,32,43,34
129,14,123,14,123,23,200,23,200,23,200,23,200,11,99,27,235,27,235,27,236,26,228,26,229,49,429,49,428,49,428,49,429,0,1.8,0,0,8.5,10.7,0,78.7,80.4,95.1,73,74,64,66,3,2,2
130,0,0,0,0,0,0,0,0,0,0,0,0,0,0,0,0,0,0,0,0,0,0,0,0,13,103,13,103,13,103,11,85,0,0,0,0,6.7,0,18.8,73.3,67.7,81.3,73,68,80,61,3,3,1
131,0,0,0,0,0,0,17,136,17,135,16,123,0,0,1,8,17,136,17,135,16,123,1,8,54,431,54,430,54,429,56,424,0,0,4.5,2.9,7.9,8.6,13.6,57.1,63.8,84.8,59,66,62,47,15,17,25
132,0,0,0,0,89,247,89,249,89,249,89,247,88,246,0,0,0,0,0,0,0,0,0,0,100,279,100,281,100,281,100,279,0,0,0,0,5,0,0,80,90,93.8,69,73,72,73,8,5,4
133,0,0,0,0,44,277,92,578,92,577,79,498,80,498,0,0,28,174,28,174,28,174,27,172,86,537,85,536,85,534,85,535,0,0,0,0,0,5.4,7.7,85,89.2,92.3,65,80,,64,2,3,2
134,0,0,0,0,37,168,37,168,37,168,37,168,35,155,0,0,100,449,100,449,100,449,100,449,100,449,92,411,92,411,92,411,4.2,5,4,6.1,8.3,17.5,12,45.8,65,56,62,59,69,60,22,24,15
135,100,555,100,555,0,0,0,0,0,0,0,0,0,0,100,555,100,555,100,555,100,555,100,554,0,0,0,0,0,0,0,0,0,3.3,4.9,0,11.4,13.3,4.9,50,63.3,58.5,72,70,80,78,40,44,41
136,1,10,1,10,3,26,3,26,3,26,3,25,10,74,3,26,3,26,3,26,3,25,3,25,50,415,37,304,38,303,38,301,0,0,0,1.1,11.6,6.2,7.1,66.7,82.7,88.8,69,69,69,60,7,7,5
137,0,0,0,0,0,0,0,0,0,0,0,0,0,0,0,0,1,6,1,7,2,9,2,9,1,4,1,4,1,4,1,5,5.6,2.4,8.9,5.9,8.9,15.3,13.9,48.9,54.1,59.5,70,58,56,60,33,45,64
138,98,246,98,247,0,0,0,0,0,0,0,0,0,0,0,0,0,0,0,0,0,0,0,0,86,216,87,218,87,218,86,217,6.1,0,4.8,12,9.1,7.1,9.5,60.6,50,57.1,65,69,71,71,37,36,23
139,47,308,47,308,14,90,14,90,14,90,14,90,17,95,19,125,19,125,19,125,17,114,21,115,65,428,73,483,56,367,55,364,0,21.4,4,9.5,15.2,10.7,24,67.4,60.7,92,68,68,66,67,25,32,24
140,0,0,0,0,13,143,13,143,13,144,13,143,22,217,0,0,28,304,28,305,21,223,23,226,47,501,35,376,35,377,37,394,3.3,1.4,5.6,7.7,9.8,13.9,11.1,55.7,63.9,57.4,67,70,66,71,23,29,23
141,0,0,0,0,0,0,0,0,0,0,0,0,0,0,98,331,98,335,98,334,0,0,0,0,22,74,18,61,18,61,18,61,8.9,14.7,9.7,11.1,11.1,14.7,3.2,44.4,41.2,74.2,57,53,68,54,34,43,29
142,0,0,0,0,41,533,41,533,41,533,41,533,15,190,100,1299,100,1299,100,1299,100,1299,41,533,4,56,4,56,4,56,4,56,9.5,4.2,4.7,10.7,13.1,4.2,8.2,58.3,62,74.1,67,67,62,62,21,27,18
143,0,0,0,0,9,56,9,56,9,56,9,56,12,77,9,56,10,61,10,61,10,61,10,60,26,162,26,160,26,159,26,159,0,0,0,0,2.3,0,3.2,86.1,96.4,90.3,76,80,74,76,2,3,2
144,0,0,0,0,51,506,52,502,52,498,51,473,54,498,51,506,52,502,52,498,51,473,51,468,0,0,0,0,0,0,0,0,2.4,3,5.9,6.7,7.2,10.6,11.8,57.8,56.1,62.4,66,77,73,72,32,37,29
145,0,0,0,0,8,51,8,51,8,51,8,51,5,31,1,8,5,35,5,35,5,34,5,34,60,387,60,387,60,387,60,385,4.8,2.8,3.4,8.3,3.2,15.5,8.6,50,63.4,65.5,67,65,70,66,29,39,30
146,0,0,0,0,14,99,62,411,62,407,62,407,53,343,63,435,62,411,62,407,62,407,53,340,33,230,31,206,31,202,31,202,3.6,3.9,7.3,4,10.7,3.9,9.8,58.9,51.9,75.6,68,67,69,72,22,27,17
147,50,517,53,569,20,209,19,208,19,199,18,192,0,3,28,284,25,275,24,261,24,253,20,207,13,129,9,102,8,90,6,60,1.6,3.4,5.8,5.7,14.3,5.1,7.7,54,55.9,80.8,64,61,71,65,27,29,21
148,0,0,0,0,50,466,49,465,49,465,49,465,55,507,50,471,51,483,51,483,51,483,52,482,76,718,76,717,76,718,58,543,0,0,0,0,18.4,6.8,2.5,73.7,77.3,95,84,71,62,66,2,3,2
149,0,0,0,0,34,151,34,151,34,151,17,70,55,205,36,162,36,162,36,162,40,162,43,161,62,277,62,278,62,278,59,240,8.3,0,0,0,0,0,4.2,58.3,100,83.3,74,80,71,,6,7,5
150,0,0,0,0,10,70,10,70,10,70,0,0,0,0,8,55,8,55,8,55,8,55,8,55,46,313,45,306,45,306,45,306,2.1,5.3,5,11.5,25,5.3,12.5,58.3,50,55,65,68,71,68,23,30,19
151,0,0,0,0,0,0,0,0,0,0,0,0,0,0,0,0,0,0,0,0,0,0,0,0,80,1021,91,1020,84,947,92,1029,0,0,0,1.2,4.3,5.5,2.9,74.5,78.1,84.3,83,69,64,,4,6,4
152,0,0,0,0,0,0,0,0,0,0,0,0,0,0,0,0,0,0,0,0,0,0,0,0,15,45,15,45,15,45,9,26,0,0,0,4.2,10.5,0,11.8,52.6,63.2,64.7,60,77,74,63,15,19,13
153,40,487,40,487,45,555,45,553,45,553,45,553,40,487,19,234,19,234,19,234,45,554,45,554,0,0,0,0,0,0,0,0,0,3.8,0,2.6,12.2,10,8.7,77,68.8,81.5,68,71,73,58,11,12,6
154,51,579,51,580,48,549,47,535,47,535,47,535,44,506,45,510,48,549,48,549,47,539,47,539,12,136,12,136,12,136,12,136,1.1,1.2,0,6.7,12.2,8.5,12.4,64.4,62.2,70.8,71,74,61,55,7,8,5
155,0,0,0,0,35,486,5,53,5,53,5,53,3,26,33,455,11,119,3,30,3,30,3,31,0,0,0,0,0,0,0,0,1,0,6.4,1.1,5.9,10.3,3.8,63.4,60.9,56.4,52,54,55,64,13,20,13
156,0,0,0,0,39,495,39,492,39,467,38,443,28,313,36,454,36,454,36,429,0,0,0,0,53,670,53,670,55,669,56,650,3.3,1.8,3.8,6.7,11.6,11.7,5.7,58.7,64.9,79.2,57,61,64,53,20,25,17
157,43,121,43,124,74,209,74,214,74,214,81,317,98,450,0,0,0,0,0,0,0,0,0,0,31,87,60,172,59,171,96,375,6,4.6,5.3,9.7,20,18.2,7.9,42,40.9,63.2,59,59,62,64,49,63,54
158,0,0,0,0,0,0,0,0,0,0,0,0,0,0,0,0,0,0,0,0,0,0,0,0,50,652,50,641,50,641,50,640,6.5,6.5,7.1,13.3,9.4,18.7,8.2,60.9,69.1,72.4,65,66,62,65,30,36,28
159,0,0,0,0,0,0,0,0,0,0,0,0,0,0,0,0,0,0,0,0,0,0,0,0,100,419,100,397,100,389,100,381,6.7,7.7,11.1,14.3,13.3,7.7,5.6,46.7,61.5,55.6,69,71,57,67,43,55,40
160,0,0,0,0,0,0,0,0,0,0,0,0,0,0,0,0,0,0,0,0,0,0,0,0,83,919,83,919,83,919,83,918,6.7,7.8,8.6,6.2,18,14.3,13.6,46.1,61,60.5,63,64,66,68,35,40,30
161,0,0,0,0,0,0,0,0,0,0,0,0,0,0,0,0,0,0,0,0,0,0,0,0,27,308,27,304,27,304,26,299,0,5.7,5.7,4.1,5.6,8,11.4,62.5,61.4,75,65,54,61,60,17,22,14
162,28,194,28,194,20,142,20,142,20,142,21,144,32,223,32,222,47,330,43,301,0,0,0,0,97,673,97,673,97,673,97,677,5.2,0,5.3,12.1,12.1,8.9,7,56.9,68.9,77.2,66,69,55,66,25,33,25
163,100,522,100,528,93,485,93,491,93,507,93,503,79,426,100,522,100,528,100,544,100,540,100,539,100,522,100,528,100,544,100,540,0,0,4.5,9.5,11.1,13.3,13.6,86.1,83.3,72.7,66,64,66,80,15,21,22
164,10,183,94,1655,99,1740,89,1568,88,1538,89,1623,76,1382,56,986,69,1225,75,1315,76,1385,76,1394,77,1365,77,1368,77,1346,78,1417,8.5,4.6,3.7,5.7,10.6,10.8,7.4,44.1,40.7,46.5,52,63,57,56,31,38,26
165,82,741,81,741,81,736,83,756,83,756,83,756,80,734,87,790,87,791,84,768,84,768,84,770,18,167,19,169,19,169,19,169,6.2,3.8,8.1,7.1,10.1,9.8,9.1,53.5,51.9,56.6,24,34,46,60,29,35,36
166,82,439,100,537,100,536,100,535,100,536,100,536,81,438,93,499,84,452,65,350,0,0,9,47,3,18,3,18,3,18,0,0,2.5,5.8,0,9.4,12.5,13.5,13.2,55,53.9,63.2,60,37,70,52,30,33,27
167,2,7,100,358,72,260,72,260,72,260,72,260,0,0,72,260,72,260,0,0,0,0,0,0,100,360,100,359,100,361,0,0,6.8,0,10,4.9,9.1,8.8,7.5,47.7,64.7,60,61,71,68,74,25,31,26
168,86,546,86,547,14,91,14,91,14,91,14,91,0,0,16,101,16,101,16,101,16,101,16,101,53,334,53,334,53,334,3,18,6.7,2.4,5,9.3,6.7,11.9,17.5,48.9,69.1,57.5,65,62,68,68,29,34,28
169,0,0,0,0,0,0,0,0,0,0,0,0,4,28,9,89,1,11,1,11,1,11,1,11,66,620,63,539,62,493,59,462,0,0,1.5,0,4.6,10.1,9.2,80,73.9,86.2,52,57,,,6,6,3
170,21,133,39,248,34,215,34,215,34,215,34,215,13,82,35,220,34,215,34,215,34,215,34,215,76,481,76,481,76,482,76,481,8.7,0,0,0,8.7,4.8,0,69.6,76.2,93.9,74,66,65,68,5,4,2
171,85,432,83,367,75,379,71,314,68,270,68,275,82,329,85,432,83,367,81,323,81,328,81,328,0,0,0,0,0,0,0,0,0,4.8,0,0,0,0,9.1,91.3,57.1,95.5,76,84,,79,4,4,4
172,0,0,19,212,44,498,44,499,44,496,8,94,13,137,38,429,38,430,38,427,37,412,35,369,78,884,78,884,78,884,78,871,0,1.1,0,0,1.4,3.4,6.5,68.5,86.4,84.3,58,67,74,53,4,5,3
173,0,0,0,0,0,0,0,0,0,0,0,0,7,26,0,0,18,74,15,60,0,0,0,0,98,417,15,63,16,63,16,63,3,3.7,10.5,10.5,21.2,18.5,26.3,66.7,48.1,63.2,57,67,70,48,32,41,35
174,0,0,0,0,3,17,0,0,0,0,0,0,0,0,29,181,29,181,26,164,26,164,26,164,20,124,20,125,20,125,20,125,0,0,0,7.5,18.9,8.8,6.5,70.3,52.9,58.7,75,73,71,67,16,18,13
175,0,0,0,0,0,0,0,0,0,0,0,0,0,0,0,0,0,0,0,0,0,0,0,0,27,186,27,186,27,186,27,185,0,0,0,0,4.2,11.1,6.5,72.9,88.9,93.5,77,72,66,72,4,4,2
176,25,286,25,286,15,175,15,175,15,175,15,175,26,304,25,286,28,326,28,326,28,326,28,326,10,113,10,113,10,112,10,112,0,0,0,0,0,9.6,4.6,70,71.2,81.5,76,71,72,73,4,4,2
177,0,0,0,0,23,185,23,184,23,184,23,184,28,196,23,185,23,184,23,184,23,184,26,184,0,0,0,0,0,0,0,0,0,0,3.1,0,0,11.1,6.3,78.1,86.1,87.5,81,84,80,82,12,7,14
178,1,13,1,13,0,0,0,0,0,0,0,0,0,0,22,284,22,287,13,152,0,0,0,0,1,9,1,8,1,8,1,8,0,1,0,0,7,12.6,16.7,74.8,81.6,90.3,,65,,62,7,5,3
179,19,122,18,122,14,91,14,91,14,92,14,92,24,158,23,153,24,158,31,210,24,158,24,157,37,241,37,241,36,241,36,241,0,1.9,0,0,7.3,13.5,5.3,74.6,80.8,78.9,82,78,80,80,6,6,13
180,0,0,0,0,0,0,0,0,0,0,0,0,0,0,4,22,4,22,4,22,5,22,5,21,84,447,66,344,65,328,66,318,2.2,2.3,12.9,2.3,8.7,4.6,3.2,52.2,47.7,58.1,75,78,68,56,25,33,23
181,0,0,0,0,45,567,45,567,45,565,46,566,46,558,45,568,45,574,45,572,44,548,45,548,67,848,65,822,65,817,64,791,0,0,0,0,6.1,10.9,9.4,77.6,81.8,83,79,83,75,75,3,4,3
182,77,206,77,206,0,0,0,0,0,0,0,0,0,0,0,0,0,0,0,0,0,0,0,0,100,268,100,268,100,268,100,268,11.5,8.7,13,22.7,19.2,30.4,17.4,50,47.8,73.9,66,64,57,59,36,42,36
183,17,61,17,61,15,51,15,51,15,52,15,52,15,52,15,51,16,57,17,61,0,0,0,0,87,307,87,306,87,306,87,307,4.8,3.3,6.5,0,0,10,0,57.1,60,74.2,74,65,70,,25,31,22
184,34,233,43,297,40,274,40,274,40,273,40,273,27,238,85,582,85,586,85,587,41,280,44,379,89,611,90,617,90,619,99,683,0,0,0,0,10.4,9.1,6.5,70.1,89.8,94.8,75,73,73,71,3,3,2
185,51,694,51,694,0,0,0,0,0,0,0,0,0,0,100,1369,100,1367,100,1366,100,1368,0,0,0,0,0,0,0,0,0,0,6,2.7,5.5,4.6,12,8,7.1,51.3,40.7,65.4,47,61,63,48,17,19,11
186,0,0,0,0,36,297,39,323,39,323,39,325,36,300,3,25,34,280,34,279,34,279,34,278,90,749,88,732,88,731,88,727,2.9,3.5,12.5,4.1,10,10.3,8.3,54.3,58.6,62.5,66,59,65,65,22,30,23
187,9,38,9,38,74,301,77,312,77,312,77,312,2,9,77,312,77,312,77,312,62,251,62,251,23,93,23,93,77,311,23,93,0,0,0,0,2.9,4.4,0,77.1,87,78.6,,,,,5,9,4
188,0,0,0,0,58,426,65,476,65,477,66,477,7,49,69,506,69,508,70,509,70,509,72,510,58,426,58,425,58,426,58,424,0,0,0,2,9.3,9.8,5.1,72.1,87.8,92.3,74,62,72,65,4,5,3
189,89,405,89,405,88,400,88,400,88,400,88,400,88,400,88,400,88,400,88,400,88,400,88,400,0,0,0,0,0,0,0,0,0,0,0,0,3.2,7.7,4.2,54.8,80.8,66.7,,,,,7,9,6
190,0,0,0,0,0,0,0,0,0,0,0,0,0,0,0,0,0,0,0,0,0,0,0,0,0,0,0,0,0,0,0,0,2.9,0,11.8,18.8,20.6,15.2,11.8,52.9,45.5,58.8,63,61,61,70,37,43,33
191,0,0,0,0,46,435,46,433,46,433,46,435,36,342,55,516,54,514,54,514,55,516,55,517,0,0,0,0,0,0,0,0,2.3,0,4.1,3.2,15.9,4.6,8.2,70.5,63.6,69.4,56,72,62,69,10,12,7
192,0,0,60,621,30,337,29,302,26,247,25,224,22,191,0,0,0,0,0,0,0,0,0,0,35,389,35,359,73,691,75,678,2,0,4.3,1.6,7.1,6,13,68.4,56.6,68.1,62,74,73,74,17,22,15
193,68,387,73,412,52,292,52,294,52,293,51,293,61,346,51,290,64,365,55,314,64,366,65,368,36,206,36,206,36,206,36,207,0,0,0,6.3,4.7,0,0,83.7,82.6,78.4,78,68,81,77,7,10,8
194,20,212,21,212,2,18,4,41,4,41,4,41,4,43,22,231,23,231,23,231,4,41,4,42,38,392,37,380,37,376,37,373,0,0,5.3,0,7.9,5.3,10.5,81.6,78.9,84.2,74,70,,73,3,3,2
195,0,0,0,0,0,0,0,0,0,0,0,0,0,0,0,0,0,0,0,0,0,0,0,0,0,0,0,0,0,0,0,0,1.7,1.4,2.7,1.8,10,12.9,12.2,61.7,75.7,73,70,70,65,69,12,17,11
196,39,289,38,282,55,413,56,413,57,414,57,413,57,409,40,300,41,300,41,300,42,300,42,303,81,607,81,598,81,586,81,583,9.2,2.6,6.9,7.5,13.9,7.8,13.8,53.9,62.3,72.4,63,57,63,63,19,27,16
197,0,0,18,175,2,15,1,14,1,14,1,14,1,8,0,3,0,3,0,3,0,3,0,3,95,943,95,943,95,943,31,306,8.4,5.3,9.5,7.1,5.3,10.5,12.2,55.8,55.3,63.5,63,70,58,67,27,31,23
198,0,0,0,0,0,0,0,0,0,0,0,0,0,0,0,0,0,0,0,0,0,0,0,0,24,194,23,190,23,190,24,191,0,0,0,0,7.1,14.7,0,71.4,88.2,90.5,87,88,87,85,9,7,2
199,0,0,0,0,42,542,42,542,42,542,40,500,37,456,0,0,0,0,0,0,0,0,0,0,62,804,62,804,62,804,61,762,8.6,5.6,10.7,10,13.2,10.6,13.7,51.3,53.1,48.9,53,56,63,53,37,47,36
200,0,0,0,0,0,0,0,0,0,0,0,0,0,0,0,0,0,0,0,0,0,0,0,0,100,425,100,240,100,240,100,235,3.6,0,5.6,7.7,10.7,11.8,5.6,64.3,70.6,61.1,,,37,,32,64,78
201,45,523,20,234,24,280,24,279,24,280,24,280,24,281,24,282,24,281,24,283,25,283,25,285,55,637,53,615,53,615,53,615,2.3,0,0,2,0,8.8,0,72.7,94.1,81.3,74,74,81,72,3,3,1
202,0,0,0,0,3,20,3,20,40,287,40,287,46,329,0,0,4,32,4,32,4,32,4,32,98,702,95,675,95,675,95,676,6.4,5.3,8.7,15.6,11.5,12,9.8,51.3,30.7,51.1,66,65,57,58,32,42,32
203,0,0,0,0,0,0,0,0,0,0,0,0,0,0,0,0,0,0,0,0,0,0,0,0,0,0,0,0,0,0,0,0,0,0,4.1,9.3,8.6,6,8.2,62.1,78,63.3,70,59,74,73,12,17,10
204,73,472,82,504,98,631,99,614,99,614,99,614,93,576,98,631,99,614,99,614,99,614,99,613,1,8,1,4,1,4,1,4,0,0,0,0,15,4.9,12.2,67.5,82.9,87.8,74,67,73,73,4,4,2
205,0,0,0,0,10,32,10,32,10,32,10,32,5,14,0,0,0,0,0,0,0,0,0,0,19,60,18,57,17,52,17,52,0,0,0,0,5.9,0,9.1,70.6,100,90.9,,,77,76,1,1,
206,82,461,82,462,73,410,73,414,73,414,73,414,73,414,71,399,71,400,71,400,49,280,49,280,15,83,15,83,15,83,15,83,0,0,0,0,9.5,16.4,8.8,81,94.5,88.2,73,72,,57,3,2,2
207,0,0,16,246,0,0,0,0,0,0,0,0,52,509,0,0,0,0,0,0,0,0,0,0,0,0,0,0,0,0,0,0,1.3,0,0,0,12.5,9,12.2,66.3,56.7,80.5,55,,,56,8,8,2
208,0,0,9,69,1,4,1,5,1,5,1,4,0,1,0,0,0,0,0,0,0,0,0,0,13,97,13,96,13,95,13,91,0,0,0,0,18.2,0,0,86.4,82.1,95.2,79,77,76,83,0,1,
209,0,0,0,0,7,101,7,101,9,101,9,101,9,95,8,123,9,123,11,123,11,123,12,123,13,190,13,187,15,167,10,112,2.3,2.2,0,4.8,10.9,12.9,6.1,62.8,72,74.4,68,60,66,61,14,22,16
210,100,1508,100,1504,76,1140,76,1136,71,897,71,900,21,264,99,1492,100,1500,100,1263,100,1266,100,1266,8,114,8,114,9,114,9,114,0,2.5,0,0,4.4,2.5,11.1,75.6,85,85.2,65,71,68,75,6,6,8
211,0,0,0,0,0,0,0,0,0,0,0,0,0,0,0,0,0,0,0,0,0,0,0,0,0,0,0,0,0,0,0,0,2.7,4.6,6.3,4.5,8,6.2,12.5,68,66.2,67.2,65,64,64,61,17,24,15
212,40,199,40,199,59,293,52,261,52,261,52,261,51,255,58,287,53,265,53,265,53,265,53,265,98,490,98,490,98,490,98,490,9.2,5.1,7.1,18.3,5.8,3.4,7.1,43.7,45.8,54.8,67,68,66,66,36,41,33
213,55,322,56,335,37,220,39,234,41,260,41,260,0,0,0,0,27,165,31,197,31,197,31,197,32,188,31,188,30,188,30,186,0,0,0,6.1,9.8,5.7,9.1,85.4,85.7,97.7,89,89,87,83,2,3,3
215,0,0,1,4,0,0,0,0,0,0,0,0,0,0,0,0,0,0,0,0,0,0,0,0,59,194,58,191,58,190,58,188,0,9.1,0,0,0,0,16.7,66.7,100,91.7,73,,71,64,,,
216,0,0,2,6,58,214,58,211,59,211,58,211,57,206,0,0,57,206,57,206,57,206,57,205,9,33,9,33,9,33,9,33,0,0,6.7,5.3,10.5,13.3,0,94.7,93.3,93.3,69,72,74,81,2,2,1
217,0,0,2,10,0,0,0,0,0,0,0,0,0,0,0,0,0,0,0,0,0,0,0,0,15,73,15,74,15,74,14,72,0,0,0,3.7,3.3,10.3,0,80,82.8,85.7,81,72,75,77,1,1,1
218,0,0,35,372,42,454,42,454,37,454,22,273,33,401,34,362,34,362,30,364,30,364,30,364,98,1049,98,1050,98,1202,98,1201,0,0,0,1.5,4.8,4.1,3.2,62.9,74.3,72.6,74,68,74,69,17,13,10
219,23,229,22,217,30,300,29,283,11,89,11,86,8,63,30,299,29,286,12,92,11,89,9,65,65,646,64,628,39,307,39,307,0,4.2,3.3,0,9.1,12.5,10,75.8,50,66.7,56,49,65,51,10,13,8
220,0,0,0,0,25,168,37,246,37,246,37,246,37,248,37,246,51,335,51,335,51,336,45,301,31,201,30,201,30,201,30,201,0,4.7,4.2,5.1,11.1,11.6,6.3,63.9,65.1,60.4,68,70,75,72,18,26,20
221,0,0,51,601,55,643,55,642,63,642,64,642,28,284,26,303,55,642,63,642,64,642,64,642,100,1179,99,1163,98,1007,98,981,0,1.6,0,1.8,11.7,21,10.9,62.3,61.3,64.1,63,49,57,,15,19,10
222,0,0,0,0,0,0,0,0,0,0,0,0,0,0,0,0,0,0,0,0,0,0,0,0,0,0,0,0,0,0,0,0,0,0,0,0,2.1,7.8,19.6,74.5,92.2,87.5,80,76,71,77,2,2,2
223,53,346,52,348,42,273,0,0,0,0,0,0,0,0,55,364,55,367,55,373,55,373,47,319,88,577,88,585,88,591,87,587,8,8.1,5.8,13.7,8,11.3,18.8,42,45.2,65.2,68,68,68,65,26,32,28
224,42,445,42,445,18,196,18,196,18,196,18,196,10,107,15,158,15,158,15,158,15,158,15,158,100,1072,100,1072,100,1072,100,1072,2,0,0,3.9,12.2,6.5,12.8,77.6,65.2,71.8,68,66,65,66,8,8,5
225,0,0,0,0,0,0,0,0,0,0,0,0,0,0,0,0,0,0,0,0,0,0,0,0,82,451,28,149,28,149,83,449,6.1,3.3,0,0,0,3.3,13.6,63.6,66.7,68.2,62,62,55,54,11,14,8
226,0,0,0,0,16,78,16,77,16,77,16,77,25,118,0,0,10,48,10,48,10,48,10,49,54,258,54,256,54,256,54,256,0,0,0,0,8.7,21.7,7.4,78.3,82.6,74.1,68,58,57,69,5,5,5
227,0,0,0,0,0,0,0,0,0,0,0,0,0,0,0,0,0,0,0,0,0,0,0,0,0,0,0,0,0,0,0,0,3.6,4.7,3.4,9.2,14.6,9.4,13.6,63.6,68.8,81.4,64,60,72,66,18,23,15
228,0,0,0,0,0,0,0,0,0,0,0,0,0,0,0,0,0,0,0,0,0,0,0,0,29,52,29,52,29,52,28,50,0,3.9,0,7.1,0,3.8,6.7,57.1,65.4,80,85,,,,23,22,17
229,0,0,0,0,5,47,6,49,6,49,7,49,5,29,5,49,7,63,8,63,9,62,11,64,13,124,15,126,16,125,18,125,4,2.9,9.2,3.9,9.4,12.5,8.2,60.4,61.5,70.4,66,70,61,68,38,50,35
230,0,0,0,0,0,0,0,0,0,0,0,0,0,0,0,0,0,0,0,0,0,0,0,0,100,1232,100,1233,100,1234,100,1234,6,2,6.4,6,6.8,8.2,9.6,68.4,73.5,81.9,67,57,55,57,11,14,13
231,38,428,37,413,59,666,59,652,58,640,38,274,34,247,59,665,59,652,58,640,38,274,36,258,40,454,41,454,43,471,62,454,0,1.7,0,0,12.5,8.3,3.6,75,70,73.2,63,71,65,71,9,9,8
232,20,198,21,199,45,442,49,464,49,464,50,464,38,354,75,747,75,715,44,415,27,257,28,257,0,0,0,0,0,0,0,0,2.1,2.2,2.6,4.8,4.2,10.9,6.6,61.1,71.7,72.4,72,62,58,60,13,17,13
233,0,0,0,0,60,670,60,671,60,673,60,673,40,451,0,0,0,0,0,0,0,0,0,0,97,1093,97,1094,97,1095,97,1096,1.6,0,1.8,0,9.5,4.8,7.1,84.1,76.2,96.4,66,74,65,74,5,6,2
234,15,140,15,139,0,0,0,0,0,0,0,0,0,0,0,0,0,0,0,0,0,0,0,0,43,397,31,284,4,33,4,34,6.3,4.6,11.9,6,7.1,6.9,7.4,55.9,46.9,51.9,64,69,65,65,35,44,41
235,1,5,1,5,0,0,0,0,0,0,0,0,2,15,2,14,2,14,29,263,2,15,21,193,59,538,60,539,65,585,59,537,0,0,1.8,0,11.1,8.6,7.3,83.3,86.2,92.7,84,74,74,78,4,3,3
236,0,0,0,0,23,103,22,101,22,101,23,101,27,121,23,103,23,102,23,102,23,101,23,102,75,339,75,337,75,336,74,331,0,0,0,0,5.6,5.9,8.3,83.3,70.6,83.3,85,87,87,85,1,1,1
237,0,0,0,0,0,0,19,192,0,0,0,0,0,0,0,0,0,0,0,0,0,0,0,0,42,452,40,413,41,410,41,402,3.6,6.9,11.6,11.1,12.1,8.3,17.4,57.8,62.5,65.2,65,63,72,64,26,31,24
238,0,0,0,0,54,474,54,475,54,475,31,269,33,288,46,407,46,408,46,408,46,408,46,407,50,444,55,482,55,482,55,482,10.9,8.2,6.3,10.9,9.1,14.8,6.3,41.8,50.8,60.4,65,68,69,66,24,31,22
240,0,0,8,74,81,723,81,723,81,723,81,719,24,215,96,850,100,888,100,888,100,889,100,888,62,549,62,549,62,550,3,27,2.3,2.2,2.1,8.2,2.3,4.4,6.4,75,62.2,74.5,68,77,69,72,15,19,13
241,0,0,0,0,0,0,0,0,0,0,0,0,0,0,0,0,0,0,0,0,0,0,0,0,63,465,63,463,63,462,63,463,0,0,0,2.8,0,8.3,16.7,85.7,94.4,96.7,76,67,68,74,1,1,1
242,0,0,0,0,0,0,0,0,0,0,0,0,0,0,0,0,0,0,0,0,0,0,0,0,64,326,64,327,64,317,63,312,10.3,8,2.3,2.2,6.9,12,13.6,62.1,62,81.8,50,60,58,63,17,21,15
243,0,0,0,0,0,0,0,0,0,0,0,0,0,0,0,0,0,0,0,0,0,0,0,0,0,0,0,0,0,0,0,0,,,,,,,,,,,,,,,9,14,17
244,0,0,0,0,0,0,0,0,0,0,0,0,34,235,0,0,0,0,0,0,0,0,0,0,10,69,10,69,10,69,10,69,4.2,2.5,3.7,14.6,14.6,5,9.3,68.8,70,72.2,68,64,72,65,18,18,13
245,0,0,0,0,0,0,0,0,0,0,0,0,0,0,0,0,0,0,0,0,0,0,0,0,99,638,99,638,99,637,99,638,1.7,2.9,1.6,2.9,8.5,12.9,10.9,49.2,52.9,75,73,59,73,57,28,34,25
246,0,0,0,0,0,0,17,209,17,209,17,209,0,0,55,668,55,668,55,668,55,668,55,669,100,1203,100,1202,100,1201,100,1202,2.8,0,2.9,4.1,7,9.3,15.9,50.7,56,69.6,69,63,66,67,21,28,20
247,0,0,100,453,100,453,100,453,100,453,100,454,88,400,100,453,100,453,79,360,80,361,100,454,0,0,0,0,0,0,0,0,5.7,11.6,2.6,10.4,18.9,11.6,13.2,37.7,51.2,60.5,36,59,37,,31,40,37
248,0,0,0,0,0,0,0,0,0,0,0,0,0,0,72,602,72,602,72,602,72,602,72,602,100,836,100,836,100,836,100,836,0,8.5,10.3,7.4,11.1,1.7,8.6,59.3,57.6,53.4,59,49,51,37,25,22,16
249,100,531,100,531,100,531,0,0,0,0,0,0,0,0,100,531,100,531,100,531,100,531,100,531,100,531,100,531,100,531,100,531,5.6,6.8,2.4,5.2,14.1,10.2,10.8,38,42.4,45.8,60,,63,50,27,41,35
250,38,258,38,258,26,178,26,178,26,178,26,178,33,225,0,0,26,178,26,178,26,178,26,178,0,0,0,0,0,0,0,0,0,4.9,4.1,2.1,11.9,7.3,8.2,76.2,65.9,71.4,71,56,60,67,10,12,9
251,14,97,14,97,11,75,11,75,11,75,12,75,20,120,0,0,11,75,11,75,12,75,12,74,40,267,40,266,39,262,37,239,2,1.8,1.5,0,6.1,10.5,13.4,79.6,73.7,70.1,72,64,63,,10,15,9
252,0,0,0,0,15,51,15,51,15,50,14,49,7,24,0,0,14,48,9,31,14,49,15,50,84,289,84,289,84,288,84,287,0,0,0,8.7,3.3,0,7.1,70,85.7,50,,69,58,63,6,5,3
253,11,91,10,90,33,285,33,285,33,285,33,285,19,167,33,285,33,285,33,285,33,285,33,284,100,865,100,865,100,865,100,865,0,0,1.7,0,8,8.2,3.4,76,77,86.4,80,84,82,72,3,4,3
254,46,284,53,300,94,588,94,537,90,295,90,295,94,309,47,295,52,295,90,295,90,296,90,297,5,32,6,32,10,32,10,32,2.6,0,0,0,7.7,10,0,71.8,90,76.5,,,,,5,10,14
255,17,213,17,213,68,839,68,839,68,839,68,839,66,810,45,557,68,839,68,839,68,839,68,837,29,353,29,353,29,353,29,353,0,2,0,0,15,4,0,75,78,92.9,80,78,75,75,3,4,2
256,0,0,0,0,0,0,0,0,0,0,0,0,0,0,0,0,0,0,0,0,0,0,0,0,4,53,4,48,2,23,2,17,0,0,0,0,7.1,5.7,11.1,79.8,81.1,85.7,72,72,67,67,3,3,2
257,51,842,55,794,45,737,72,1055,72,1058,72,1025,59,735,75,1235,72,1055,72,1058,72,1021,68,849,88,1447,99,1446,99,1449,99,1415,0,0,1,0,9,10.4,4.8,75.3,81.1,82.9,60,71,,,6,8,5
258,0,0,0,0,26,277,24,252,23,237,24,239,23,237,6,64,7,73,7,73,7,73,7,74,42,446,39,403,38,386,38,387,1,5.1,4.7,11.8,11.3,21.5,12.8,55.7,48.1,68.6,66,68,73,71,25,32,33
259,0,0,0,0,46,454,46,454,46,454,1,8,0,2,57,557,57,557,57,557,57,559,57,559,73,716,69,681,69,681,69,683,5.1,8.8,1.6,4,10.1,4.4,9.4,59.5,58.8,68.8,57,67,64,43,20,28,20
260,18,223,18,223,9,109,9,109,9,110,9,111,8,104,8,102,8,102,8,103,8,104,8,104,59,746,59,746,60,747,60,747,5.5,4,0,11.7,14.6,11.8,7.9,41.8,52.6,73,70,69,71,66,20,26,19
261,0,0,0,0,7,59,7,59,7,59,7,59,4,37,0,0,1,9,1,9,1,9,1,9,100,861,100,860,100,860,100,860,3.9,2.4,1.9,7.8,7.8,4.9,5.8,76.5,75.6,80.8,70,67,66,79,8,12,8
262,0,0,0,0,15,183,15,183,15,183,15,183,18,220,17,208,17,208,17,208,17,208,17,208,11,137,11,137,11,137,11,137,0,2,0,0,7.7,11.8,12.5,73.1,84.3,89.6,74,72,78,73,3,3,1
263,8,87,3,35,22,229,21,228,22,228,22,227,22,213,22,229,22,230,22,228,22,229,23,222,55,589,57,610,57,604,57,588,0,1.8,0,0,7.8,3.5,2.9,82.4,94.7,97.1,82,81,82,76,3,3,2
264,0,0,0,0,44,435,45,435,45,435,46,435,50,454,0,1,50,489,87,838,88,833,90,825,100,994,100,975,100,965,100,946,1.3,1.7,0,0,11.8,5.1,8.5,65.8,67.8,74.5,61,73,75,70,13,15,9
265,12,67,12,67,24,129,24,129,24,130,24,130,24,131,0,0,24,129,24,130,24,130,24,130,79,434,79,434,79,433,79,432,0,0,5.4,4.4,10.5,5.4,8.1,63.2,59.5,81.1,77,62,79,75,11,13,7
266,0,0,0,0,29,325,31,325,31,325,31,326,28,292,24,266,25,266,25,266,25,268,25,269,25,282,27,282,27,282,27,282,3.9,0,2.6,2.6,20.8,3.9,5.3,52,72.4,73.7,64,67,71,60,11,13,9
267,0,0,0,0,0,0,0,0,0,0,0,0,0,0,0,0,0,0,0,0,0,0,0,0,45,743,45,722,45,720,46,718,2,0.8,1.4,0,12,6.3,8,72.7,70.1,76.8,70,63,67,53,10,12,9
268,56,390,56,390,43,302,43,302,43,302,43,302,16,108,29,203,40,281,40,281,35,243,35,243,85,592,85,591,85,592,81,562,2.6,3.3,0,7.5,10.5,4.9,5,60.5,57.4,77.5,72,72,66,72,26,29,20
269,55,663,55,663,87,1051,89,1069,89,1068,88,1061,92,1109,45,546,45,547,45,547,52,624,52,623,7,85,7,83,7,84,7,82,3,0,0,0,7.5,3.3,6.2,71.6,78.3,92.3,75,70,74,72,5,6,5
270,0,0,0,0,0,0,100,598,100,598,100,598,0,0,100,598,100,598,100,598,100,598,100,598,100,598,100,598,100,598,100,598,3.3,7.3,0,6,6.7,12.7,26.7,55,49.1,73.3,41,55,,,31,33,24
271,4,16,4,16,21,92,0,0,0,0,0,0,0,0,20,89,20,90,20,90,20,90,4,19,100,446,100,448,100,448,100,448,3.7,2.9,9.7,12.5,11.1,14.3,32.3,74.1,62.9,51.6,68,67,71,60,33,38,29
272,0,0,0,0,0,0,41,320,41,320,41,320,0,0,41,320,41,320,41,320,41,320,41,320,100,780,100,780,100,780,100,780,1.7,2.3,0,1.6,10.2,14,5.2,55.9,65.1,67.2,62,40,54,,21,22,15
273,0,0,0,0,1,4,1,4,1,4,1,4,1,4,0,0,0,0,0,0,0,0,0,0,0,0,0,0,0,0,0,0,1.3,0,1.7,3.3,10.4,5.4,8.5,62.3,68.9,72.9,65,65,53,,17,18,12
274,100,554,100,554,48,266,48,266,48,266,48,266,100,554,48,266,48,266,48,266,48,266,100,554,100,554,100,554,100,554,100,554,0,0,0,0,4.9,9.8,17.6,75.6,70.7,67.6,56,,65,,12,12,8
275,0,4,0,4,42,378,42,378,42,378,42,378,15,131,1,5,43,389,45,400,45,400,45,400,98,878,98,878,98,878,98,878,6.4,0,2.4,0,8.5,11.6,11.9,72.3,79.1,66.7,74,72,66,69,10,11,8
276,0,0,0,0,0,0,0,0,0,0,0,0,0,0,0,0,0,0,0,0,0,0,0,0,73,489,73,489,73,489,73,489,0,3.5,4.8,4,9.3,3.5,11.1,77.8,68.4,77.8,64,68,75,60,9,10,7
277,0,0,0,0,0,0,0,0,0,0,0,0,0,0,0,0,0,0,0,0,0,0,0,0,51,401,47,351,44,290,43,259,1.6,2.6,0,0,9.8,7.9,7.5,78.7,76.3,82.5,62,65,57,81,8,13,9
278,0,0,0,0,44,375,44,375,44,375,44,375,100,841,3,22,39,332,35,300,44,375,42,354,100,852,100,852,100,852,100,852,0,0,0,0,8.7,15.9,20.9,58.7,54.5,79.1,60,66,55,61,13,13,8
279,0,0,0,0,67,587,67,587,67,587,67,587,86,752,11,92,11,92,67,586,67,587,57,495,69,604,69,604,69,604,69,604,0,0,0,0,4.6,4.7,8.5,65.9,62.8,61.7,71,74,72,65,9,10,5
280,0,0,0,0,0,0,0,1,0,0,0,0,0,0,0,0,0,0,0,0,0,0,0,0,0,0,0,0,0,0,0,0,4.2,8.4,3.4,8.3,11.3,14.5,5.2,53.5,39.8,62.1,54,68,58,55,44,61,48
281,0,0,0,0,100,481,100,481,100,481,100,481,100,460,100,481,100,481,100,481,100,481,0,0,30,145,30,145,30,145,30,145,2.7,17.2,0,11.8,8.1,13.8,13.3,62.2,55.2,73.3,80,76,69,64,19,18,10
282,0,0,0,0,0,0,0,0,0,0,0,0,0,0,0,0,0,0,0,0,0,0,0,0,11,57,11,55,11,55,10,52,2.8,8.1,2.6,7.8,19.4,2.7,7.7,63.9,59.5,59,68,71,71,,21,23,15
283,0,0,0,0,30,314,30,314,30,314,0,0,0,0,30,319,30,319,30,319,31,321,30,322,62,650,58,608,58,608,58,610,0,3,1.8,4.7,4.8,9.1,12.3,56.5,51.5,78.9,70,63,58,50,20,22,17
284,0,0,0,0,1,3,0,0,0,0,1,2,1,2,0,0,0,0,0,0,1,2,1,2,1,2,1,2,1,2,1,2,0,0,0,0,0,0,9.1,85.7,66.7,90.9,83,,74,,1,1,1
285,0,0,0,0,0,0,0,0,0,0,0,0,0,0,0,0,0,0,0,0,0,0,0,0,0,0,0,0,0,0,0,0,,,,,,,,,,,,,,,,,
286,0,0,0,0,0,0,0,0,0,0,0,0,0,0,0,0,0,0,0,0,0,0,0,0,0,0,0,0,0,0,0,0,3.2,8.8,8,9.4,12.9,8.8,4,51.6,29.4,60,64,67,66,63,,,
287,77,929,98,1188,93,1133,93,1133,92,1131,92,1131,99,1164,100,1213,100,1214,100,1232,100,1232,100,1177,77,937,77,938,78,960,78,960,2.7,1.8,3.7,1.6,4.1,1.8,9.3,66.2,50.9,64.8,66,71,67,65,14,16,15
288,0,2,0,2,25,244,53,532,53,529,53,514,20,193,14,139,14,140,24,240,23,225,23,225,21,204,24,234,24,234,23,228,1.9,2,2.1,0,3.9,8,2.1,69.2,70,83,80,75,72,74,4,5,4
289,5,64,5,61,8,108,8,108,8,108,8,108,19,250,8,108,8,108,8,108,8,108,8,108,69,904,54,704,32,408,32,410,0,0,0,2.4,7.3,4.8,10.6,74.3,70.2,83,65,63,69,60,10,12,7
290,19,77,18,76,1,4,52,214,53,219,53,220,1,3,4,17,4,16,4,17,4,17,7,16,46,189,46,189,46,190,1,6,5,18.2,0,6.7,15,45.5,5.9,55,54.5,52.9,63,63,70,71,21,25,74
291,0,0,0,0,0,0,0,0,0,0,0,0,0,0,0,0,0,0,0,0,0,0,0,0,96,962,96,962,96,962,96,962,3.9,4.2,5.9,9.4,3.9,12.6,14.1,44.8,46.3,51.8,52,31,48,58,34,38,31
292,0,0,0,0,0,0,0,0,0,0,0,0,0,0,22,90,21,87,21,87,0,0,0,0,100,406,100,409,100,416,100,415,9.8,6.3,7,6.1,7.8,12.5,11.6,52.9,52.1,58.1,53,62,71,55,44,49,40
293,81,287,79,280,57,201,57,202,57,203,57,203,40,143,0,0,0,0,0,0,0,0,0,0,100,353,100,354,100,355,100,354,2.8,3,4.5,22.7,5.6,12.1,22.7,38.9,36.4,72.7,68,68,63,61,40,55,35
294,23,110,26,112,0,0,0,0,0,0,0,0,27,118,0,0,0,0,0,0,0,0,0,0,100,475,100,430,100,431,100,433,15.2,16,8.7,6.7,24.2,16,13,42.4,48,60.9,62,60,60,62,44,49,36
295,27,139,27,139,16,83,16,83,16,83,16,83,4,16,0,0,0,0,0,0,0,0,0,0,100,515,100,521,100,521,100,521,0,14.6,11.1,8,16.7,14.6,17.8,58.3,66.7,73.3,72,69,59,62,40,45,36
296,0,0,1,6,0,0,1,6,1,6,1,6,0,0,1,7,1,7,1,7,2,10,2,10,0,0,0,0,0,0,0,0,2.1,0,0,0,6.4,5.4,8.3,70.2,73,95.8,77,77,66,64,12,16,9
297,85,128,85,128,45,67,45,67,45,67,45,67,38,58,85,128,85,128,85,128,85,128,85,128,0,0,0,0,0,0,0,0,0,0,0,0,0,0,0,80,85.7,75,,,,,,2,2
298,100,797,100,797,100,798,100,798,100,798,100,798,100,799,100,798,100,798,100,798,100,798,100,799,80,636,80,636,80,636,80,636,0,0,2.6,4.1,8.7,13.9,5.3,60.9,50,55.3,79,63,74,58,19,18,14
299,0,0,11,125,0,0,0,0,0,0,0,0,0,0,31,387,32,382,33,382,33,383,34,383,12,147,12,147,13,147,17,191,4.1,1.5,3.9,0,6.2,5.8,9.2,65,53.6,75,61,62,50,70,17,22,15
300,99,569,99,569,100,576,99,569,100,576,100,576,99,566,99,569,100,576,100,576,100,576,100,573,0,0,0,0,0,0,0,0,0,0,14.3,10.5,7.7,10.3,17.1,65.4,48.7,54.3,86,86,85,80,12,13,17
301,0,0,5,42,0,0,0,0,0,0,0,0,0,0,0,0,0,0,0,0,0,0,0,0,0,0,0,0,0,0,0,0,2,0,2.2,2.1,10,8.6,8.7,70,63.8,71.7,,75,62,66,13,18,12
302,20,241,20,241,52,625,52,625,52,625,52,625,59,705,47,567,47,567,24,294,24,294,2,27,44,525,44,525,44,525,44,525,1.2,2.8,0.9,2.5,1.2,5.7,13.1,79.3,76.4,84.1,59,60,69,72,8,10,8
303,0,0,0,4,84,757,84,757,84,757,84,757,90,806,86,773,86,775,86,770,86,770,84,757,6,55,6,55,6,55,6,55,2,0,0,3.6,13.7,8.9,14.6,72.6,64.3,87.8,79,78,83,73,13,16,10
304,0,0,0,0,0,0,0,0,0,0,0,0,0,0,0,0,0,0,0,0,0,0,0,0,0,0,0,0,0,0,0,0,5.5,7.4,8.3,7.7,12.7,13,4.2,50.9,51.9,56.3,26,,,,29,38,33
305,0,0,0,0,40,164,40,164,40,164,0,0,0,0,40,164,40,164,40,164,40,164,40,164,41,168,44,178,44,179,44,179,8,0,7.4,0,16,8.3,0,48,45.8,77.8,81,73,68,72,22,26,17
306,0,0,0,0,0,0,0,0,0,0,0,0,0,0,0,0,0,0,0,0,0,0,0,0,99,408,99,407,98,350,99,355,2.7,4.8,7.7,10.4,12.2,7.9,17.3,46,54,67.3,60,64,,59,44,55,76
307,30,428,30,428,20,288,20,288,26,288,26,288,1,13,30,428,39,569,52,569,52,573,52,574,4,62,4,62,0,0,0,0,3.2,9.4,11,5.3,8.4,6.3,6.8,64.2,50,64.4,66,77,64,60,16,27,18
308,16,80,16,80,26,128,26,128,26,128,27,128,50,206,68,338,68,338,68,338,70,338,82,338,70,346,70,346,70,346,70,335,0,0,0,0,0,2.2,0,71.4,73.3,84.4,74,67,,62,4,4,4
309,0,0,0,0,0,0,0,0,0,0,0,0,0,0,0,0,0,0,0,0,0,0,0,0,36,221,36,220,35,215,35,212,0,0,0,0,0,4.5,3.2,74.2,72.7,93.5,73,74,72,72,5,6,6
310,39,318,39,317,65,537,65,537,65,537,66,537,55,446,55,453,67,551,67,551,67,551,68,552,15,122,15,122,15,120,14,117,0,0,2,1.4,12,0,6,68,76.2,82,84,81,75,78,7,8,6
311,57,324,0,0,0,0,0,0,0,0,0,0,7,41,1,4,1,4,1,6,1,6,1,6,100,571,100,573,100,577,100,581,0,3.3,9.4,10.8,17.5,26.7,12.5,60,46.7,56.3,76,78,71,76,33,39,31
312,12,73,12,73,74,461,64,401,65,402,65,403,69,431,85,528,85,528,85,529,85,530,85,529,91,563,91,563,90,563,90,564,4.5,7.1,16.3,12,4.5,7.1,14.3,40.3,41.1,69.4,59,66,54,61,35,43,34
313,0,0,0,0,0,1,0,0,0,0,0,0,0,0,0,0,0,0,0,0,0,0,0,0,4,23,17,95,17,95,17,95,3.7,4.4,0,7.8,16.7,4.3,13.6,46.3,47.8,62.7,64,65,64,55,20,26,19
314,0,0,3,30,0,0,0,0,0,0,0,0,0,0,12,109,12,109,12,110,12,110,12,110,92,860,96,898,96,913,96,913,1.7,7.6,11.9,9.4,6,9.3,7.9,50.9,50,59.4,58,65,62,64,26,36,35
315,0,0,72,287,52,208,54,215,54,214,54,213,45,143,100,402,100,397,100,396,100,395,100,320,84,339,84,334,84,333,100,395,3.6,0,4,0,0,16.7,4,82.1,77.8,96,,73,,,5,3,3
316,84,1220,84,1220,81,1167,81,1167,81,1167,81,1167,68,990,81,1169,86,1245,82,1188,81,1180,81,1180,92,1330,91,1323,91,1323,91,1323,6.1,8.3,6.3,6.9,11.7,8.3,11.9,44.2,52.4,51,67,59,65,68,26,33,31
317,0,0,0,0,0,0,0,0,0,0,0,0,0,0,0,0,0,0,0,0,0,0,0,0,100,308,100,308,100,305,100,305,7.5,3.9,10.6,14.3,25,25.5,17,47.5,43.1,59.6,66,65,62,67,48,55,42
318,0,0,0,3,35,266,27,188,27,188,27,188,22,155,35,267,27,189,27,189,27,189,27,190,8,61,9,61,9,60,9,60,0,0,2.5,0,10.9,4.3,7.5,80.4,85.1,87.5,72,74,74,75,9,6,3
319,0,0,0,0,14,153,14,153,14,153,14,153,7,73,14,153,13,143,13,143,13,143,7,71,24,261,25,266,25,270,25,270,5.3,3.6,4.4,10.8,7.9,7.2,4.4,57.9,57.8,57.4,68,71,76,72,19,23,18
320,63,279,63,280,69,308,69,308,70,329,72,344,51,243,57,254,57,255,68,316,59,281,59,282,100,445,100,446,100,467,100,476,0,0,0,0,4.7,2.5,6.5,79.1,85,93.5,75,75,68,73,3,7,12
321,0,0,0,1,0,0,0,0,0,0,0,0,0,0,0,0,0,0,0,0,0,0,0,0,100,476,100,478,100,477,100,473,0,7.3,0,18.8,16.7,12.2,13.9,38.9,51.2,69.4,66,58,68,67,44,47,40
322,0,0,0,0,0,0,0,0,0,0,0,0,0,0,0,0,0,0,0,0,0,0,0,0,2,8,2,8,2,8,2,8,3.6,4.4,7.1,5.7,10.7,17.4,3.6,60.7,60.9,64.3,64,61,59,59,22,29,22
323,0,0,0,0,24,210,30,265,30,265,30,265,42,373,29,257,29,257,29,257,29,257,43,380,8,72,8,72,8,72,8,72,7.2,6.4,11.8,6.8,8.4,7.7,10.3,45.8,56.4,54.4,68,62,64,62,26,34,26
324,0,0,1,7,0,0,1,4,1,4,1,4,0,0,2,9,2,9,2,9,3,16,3,17,11,67,11,67,11,65,11,66,3.7,0,4.3,0,25.9,6.3,13,44.4,65.6,78.3,66,78,68,71,9,10,9
325,19,210,43,487,57,646,57,646,57,647,58,647,62,688,67,753,63,714,49,555,30,333,42,469,17,194,17,194,17,194,17,185,5,8.8,5,1.7,5,7.4,6.7,48.8,60.3,63.3,76,78,68,63,23,24,15
326,0,0,0,0,0,0,0,0,0,0,0,0,0,0,0,0,0,0,0,0,0,0,0,0,100,410,100,411,100,410,100,411,8.3,8.8,17.6,15,25,26.5,23.5,33.3,44.1,67.6,60,74,57,64,37,40,41
327,25,159,63,392,39,247,38,238,38,238,38,238,39,243,47,296,47,296,47,296,47,296,47,296,42,265,42,265,42,265,42,265,6.5,9.4,4.5,20,7.8,9.4,7.6,54.6,54.7,71.2,66,61,62,53,40,49,41
328,0,0,0,0,66,252,66,253,66,253,66,253,61,232,49,187,49,187,49,187,49,187,49,187,17,63,17,63,16,63,16,63,5.3,10.5,0,3.7,21.1,15.8,0,52.6,52.6,85,72,74,81,76,34,31,31
329,0,0,0,0,6,43,6,42,6,42,6,42,6,42,29,223,29,222,29,223,30,225,30,225,59,449,59,447,59,448,59,450,5.6,8.9,5.8,1.9,7.4,17.8,13.5,61.1,55.6,73.1,57,55,65,69,19,22,15
330,0,0,0,0,0,0,0,0,0,0,0,0,0,1,0,0,0,0,0,0,0,0,0,0,18,138,18,137,18,133,18,133,4.5,12,9.2,9.6,9,2,13.8,71.6,64,72.3,60,70,51,70,20,27,17
331,77,545,78,545,2,17,2,17,2,17,2,17,2,17,34,243,35,243,35,243,35,243,35,243,11,81,11,80,11,80,11,80,2.4,0,5.4,0,11.9,12.5,2.7,42.9,70,67.6,70,74,73,59,12,11,8
332,0,0,0,0,0,0,0,0,0,0,0,0,0,0,0,0,0,0,0,0,0,0,0,0,0,0,0,0,0,0,0,0,3.9,1.5,6.3,6.4,6.4,7.7,10.9,68,72.3,73.4,71,66,69,,14,22,16
333,0,0,0,0,0,0,0,0,0,0,0,0,17,174,0,5,16,166,16,166,0,5,0,5,66,700,6,64,6,64,6,64,8.1,4.1,5,7.4,16.1,9.6,15,57.5,57.5,62.5,64,66,64,69,24,32,24
334,0,0,0,0,0,0,0,0,0,0,0,0,0,0,0,0,0,0,0,0,0,0,0,0,100,356,100,356,100,356,100,356,0,0,0,0,8.8,5.7,15.5,72.1,69.8,62.1,,,,,2,4,2
335,42,470,42,471,53,598,39,441,39,434,41,434,34,355,39,440,39,441,39,434,41,434,41,424,9,99,9,99,8,91,5,54,0,0,1.6,0,3,17.6,6.3,75.8,75,78.1,75,66,78,74,6,7,9
336,0,0,0,0,41,793,0,0,0,0,0,0,0,0,42,794,42,794,42,789,44,789,44,710,23,445,23,442,22,411,20,367,3.8,1.7,0,2.9,8.4,5,8.8,70.2,62.5,78.1,57,62,68,72,11,14,8
337,57,427,56,404,0,0,0,0,0,0,0,0,0,0,0,0,0,0,0,0,0,0,0,0,9,66,1,8,1,8,1,8,0,2.6,0,0,6.5,5.3,10.7,80.4,73.7,78.6,70,70,72,66,7,8,4
338,38,496,19,254,95,1234,86,1151,86,1151,0,0,0,0,95,1234,86,1151,86,1151,83,870,83,870,29,371,31,410,31,410,39,410,7.1,2.1,15.8,10.8,7.1,23.4,3.5,59.5,66,71.9,64,73,63,65,12,19,17
339,100,1341,100,1186,0,0,0,0,0,0,0,0,0,0,100,1341,100,1186,100,1099,100,954,100,889,62,838,59,696,55,609,48,458,0,11.1,0,0,0,16.7,6.3,61.5,83.3,81.3,,,,,1,1,1
340,65,2600,71,2959,99,3944,99,4123,99,3944,99,3900,98,3841,100,4003,100,4182,100,4003,100,3959,100,3911,100,4003,100,4182,100,4003,100,3959,2.1,2.3,1.4,1.3,9.5,18.6,8.6,67.4,69.8,81.4,64,68,71,64,16,13,23
341,82,1547,82,1547,15,277,15,277,15,276,15,276,68,1236,42,806,43,808,45,807,45,807,44,806,100,1898,100,1898,100,1797,100,1798,1.9,4.2,0,5.4,11.3,8.3,21,54.7,72.2,85.5,74,66,64,75,14,14,27
342,100,426,100,424,2,7,2,7,2,7,2,7,18,64,38,160,100,424,100,424,100,357,100,357,100,426,100,424,100,424,100,357,0,0,0,0,0,6.7,20,64.3,73.3,100,,,,72,76,,5
343,47,404,47,403,62,530,62,532,62,529,61,515,53,496,53,454,53,454,53,454,54,456,48,449,100,860,100,861,100,858,100,844,0,1.9,0,9.5,4.4,3.8,5.7,71.7,79.2,81.1,73,64,63,65,8,11,7
344,31,263,33,263,76,640,71,562,71,555,72,544,74,538,0,3,23,185,24,186,26,192,27,196,100,839,100,794,100,787,100,752,4.6,5.9,7,3.9,18.2,9.8,7,61.4,70.6,77.2,63,74,58,64,13,15,12
345,0,1,0,1,0,0,0,0,0,0,0,0,0,0,0,0,50,190,50,189,50,189,50,189,89,339,88,334,88,333,88,333,0,0,0,7.7,0,5.3,21.1,64.3,78.9,84.2,75,71,74,75,17,24,16
346,0,0,0,0,0,0,0,0,0,0,0,0,0,0,0,0,0,0,0,0,0,0,0,0,81,855,81,852,80,842,81,850,4.7,2.9,8.2,17.9,10.6,17.6,16.3,54.1,51,70.4,64,64,68,63,30,38,30
347,100,348,100,345,0,0,0,0,0,0,0,0,0,0,0,0,0,0,0,0,0,0,0,0,100,348,100,345,100,347,100,347,0,5,0,12.5,5.3,25,11.1,47.4,60,88.9,71,,59,61,21,26,28
348,0,4,0,4,0,0,0,0,0,0,0,0,0,1,0,0,22,288,22,288,22,288,22,288,75,965,75,962,75,961,75,960,1.6,3.9,7.9,3.3,4.8,5.8,15.8,69.8,69.2,64.5,74,78,71,76,16,17,13
349,0,0,21,163,70,467,75,591,75,592,75,592,78,616,0,0,75,594,75,595,75,595,76,596,5,36,5,36,5,36,5,36,4.4,1.8,3.8,2,13.3,7,3.8,62.2,84.2,75,82,69,73,75,6,11,9
350,5,38,88,666,0,0,0,0,0,0,0,0,0,0,5,37,5,37,5,37,5,37,5,36,7,55,7,55,7,55,7,55,0,0,2.9,0,0,5.6,14.3,86.1,88.9,91.4,79,77,72,79,3,3,2
351,41,185,0,0,46,204,46,203,46,203,49,202,43,170,46,204,46,203,46,203,49,202,51,201,82,367,82,361,82,358,81,334,0,2.7,0,3.6,5.6,8.1,12.1,72.2,81.1,90.9,77,,76,69,8,11,10
352,0,2,0,2,17,189,17,189,17,189,16,188,13,147,0,0,0,0,0,0,0,0,0,0,79,897,79,899,79,899,79,899,0,0,0,1.2,6,13.3,6.8,60,84.4,88.6,77,63,69,64,7,8,4
353,15,154,0,0,16,163,16,163,16,163,16,161,13,123,13,127,13,127,13,127,13,125,13,125,47,466,46,466,46,465,47,463,0,0,0,1.7,8.2,5.3,4.2,85.3,82.7,88.9,80,75,81,75,3,4,3
354,73,737,74,746,50,505,50,505,50,505,50,505,49,495,0,0,50,509,50,509,50,509,50,508,67,678,66,669,66,669,67,678,0,0,0,2.4,13.9,5,4.5,61.1,60,72.7,68,65,64,69,6,6,4
355,27,285,27,285,0,0,0,0,0,0,0,0,0,0,0,0,0,0,0,0,0,0,0,0,8,87,8,87,8,87,8,87,0,0,1.1,0,10.4,6.2,10.1,70.8,67,74.2,67,78,51,,4,3,2
356,59,1126,59,1125,59,1113,58,1102,58,1102,59,1102,54,1004,63,1195,63,1196,63,1196,63,1186,63,1185,7,127,7,128,7,128,7,128,0,0,0,0,8.6,2.6,7.7,65.7,67.1,84.6,74,73,72,74,2,2,2
357,0,0,0,0,50,726,50,725,50,726,49,684,36,510,0,0,36,518,36,519,34,477,34,476,98,1423,98,1416,98,1417,98,1378,0,3,1.4,3.8,11.7,3,8.3,85,87.9,90.3,78,82,83,82,9,9,9
358,42,593,30,501,36,512,78,1297,58,866,58,866,57,856,20,279,61,1010,56,839,56,839,56,840,25,350,21,348,23,350,23,350,1,0,0,2.9,4.2,14.3,16.7,81.3,88.9,97.2,80,80,83,77,4,3,2
359,0,0,0,0,0,0,0,0,0,0,0,0,0,0,0,0,0,0,0,0,0,0,0,0,26,275,31,328,31,324,26,271,0,0,0,0,10.7,7.5,6.9,82.7,88.1,91.4,85,85,85,84,2,2,2
360,0,0,0,0,20,295,18,263,18,263,18,263,15,211,0,0,0,0,0,0,0,0,0,0,0,0,0,0,0,0,0,0,0.7,1.8,1.6,7.9,7,9.8,20.5,64.8,65.2,75.4,71,67,68,64,15,19,13
361,14,107,20,118,23,172,29,173,39,174,39,174,45,207,0,0,0,0,0,0,29,133,29,133,97,729,96,570,94,425,94,425,0,5.3,3.2,14.3,14,7.9,9.7,60.5,52.6,67.7,64,63,61,62,20,51,33
362,0,0,0,0,0,0,0,0,0,0,0,0,0,0,0,0,0,0,0,0,0,0,0,0,100,1299,100,1303,100,1309,100,1311,3.1,9.8,10.6,11.9,13.4,14.7,12.8,54.6,52.9,69.1,71,70,70,64,42,45,38
363,0,0,0,0,38,458,38,461,38,461,38,462,35,388,0,0,0,0,0,0,0,0,0,0,83,995,84,1015,84,1016,84,1009,5.6,14.3,12.9,7,14.1,14.3,17.6,53.5,41.6,60,67,63,66,65,41,44,37
364,40,468,44,502,54,628,56,640,56,639,56,628,54,601,10,118,55,628,55,626,55,616,55,615,88,1014,87,1005,87,1000,87,981,0,0,0,0,0,11.1,4.4,83.7,95.6,91.1,77,80,82,80,0,0,0
365,0,1,36,296,87,717,87,720,87,720,87,719,53,341,69,569,90,747,90,746,90,745,88,570,60,494,60,497,60,497,60,496,7.1,2.4,5.7,4.7,7.1,7.1,11.4,66.7,76.2,74.3,73,67,67,69,14,18,13
366,28,121,74,326,5,22,5,22,7,31,7,31,29,170,66,292,100,441,100,459,100,442,100,583,68,299,68,300,69,319,61,270,8.7,6.9,0,0,0,17.2,0,52.2,62.1,66.7,63,60,64,66,18,22,17
367,86,2662,86,2664,36,1126,37,1130,41,1130,42,1143,18,456,89,2750,89,2766,87,2380,61,1669,60,1515,100,3097,100,3094,100,2724,100,2735,0,0.9,2,0,8.4,6.1,3,80.4,82.5,93.9,72,75,69,74,4,4,5
368,51,607,51,607,85,1007,85,1007,83,977,83,977,49,581,62,732,85,1007,77,915,82,969,77,916,62,732,62,731,62,732,62,732,2.2,1.3,3.9,2.8,12.1,5.1,7.8,52.8,64.1,74,58,66,63,63,16,19,14
369,0,0,0,0,30,137,32,151,33,155,38,195,90,472,0,0,0,0,0,0,0,0,0,0,94,423,89,415,89,418,85,431,25.7,15.9,6.3,15.8,25.7,20.5,12.5,42.9,56.8,62.5,63,63,57,58,41,55,42
370,79,965,100,1219,58,712,59,714,59,713,59,724,0,0,67,816,87,1059,100,1217,87,1076,88,1085,100,1219,100,1218,100,1216,100,1235,6.2,1.9,7.6,5.8,13.6,11,14,48.8,52.3,58,65,63,61,68,72,63,94
371,37,844,37,845,16,356,5,120,5,120,5,121,15,337,0,0,12,261,12,261,12,261,12,261,90,2039,90,2039,90,2020,90,2041,7.2,9.3,7.8,12.6,11,11.9,18,51.7,44,64.1,65,67,67,66,36,42,32
372,0,0,0,0,10,444,22,964,22,948,21,941,21,902,20,887,20,883,20,867,10,425,10,418,19,833,19,833,20,867,19,832,0,1.5,1.4,0.3,5,4.4,12.9,69.8,74.3,77.3,76,74,76,73,5,6,4
373,0,0,0,0,28,313,29,318,29,318,29,317,21,230,0,0,27,306,28,306,28,306,27,304,42,462,41,453,41,449,41,451,0,0,0,0,7,0,7.3,73.7,90.6,92.7,77,80,82,77,3,3,2
374,36,409,8,91,50,564,50,563,49,562,49,559,64,739,51,577,51,576,51,575,50,572,51,581,100,1137,100,1137,100,1138,100,1135,5.1,8.4,9.2,10.8,11.5,8.4,12.6,57.7,49.4,52.9,72,70,69,67,45,47,33
375,9,78,0,0,33,282,32,281,32,280,32,279,41,354,37,325,37,324,37,322,37,321,38,323,9,74,9,74,8,73,9,76,0,0,0,0,7.4,6.7,3.6,92.6,90,100,83,82,85,78,1,1,1
376,4,56,4,56,24,359,24,361,21,302,21,304,22,309,24,356,24,358,21,299,12,178,12,171,26,388,26,394,27,394,28,411,1.1,2.4,1.1,2.9,9.6,9.8,8.6,70.2,75.6,79.6,71,65,65,67,13,16,10
377,0,0,0,0,0,3,0,3,0,3,0,3,4,70,3,62,3,62,3,62,3,62,3,63,0,0,0,0,0,0,0,0,0.7,2,3.9,1.9,14.1,8.5,10.1,71.1,63.4,73.2,63,69,72,66,12,16,9
378,6,133,42,919,40,860,41,886,40,863,39,833,40,835,70,1508,73,1582,73,1560,72,1529,65,1364,97,2107,97,2108,98,2110,100,2114,0,1.2,0,0,12,8.7,5.1,80.9,90.1,96.8,72,69,69,77,3,4,4
379,8,102,11,149,12,156,10,135,10,132,9,123,15,195,43,574,39,520,37,487,36,478,36,466,9,122,9,122,9,122,9,122,0,0,0,0,12.2,6.5,2.6,81.6,91.3,92.1,77,74,71,77,1,1,1
380,1,13,1,13,7,135,7,135,7,135,7,135,5,97,2,39,6,117,6,117,6,117,6,117,3,58,3,58,3,58,2,43,0,1.2,0,0,4.4,8.3,5.6,77.2,83.3,87.6,72,74,75,70,2,2,1
381,32,640,33,687,79,1601,50,1036,41,709,35,607,29,510,63,1278,60,1233,15,269,47,823,47,823,82,1652,80,1656,96,1681,96,1682,1,1,2.1,3.2,4.8,3,12.6,73.3,77.8,87.4,70,72,74,73,9,11,8
382,74,675,67,614,0,0,0,0,0,0,0,0,0,0,0,0,0,0,0,0,0,0,0,0,100,916,100,915,100,931,100,933,2.3,3.5,9.3,8.9,13.6,11.8,20.4,64.8,70.6,64.8,63,66,68,67,23,26,22
383,84,1343,86,1362,31,495,31,495,31,495,31,495,24,390,78,1242,78,1242,78,1242,78,1242,48,770,99,1568,99,1568,99,1568,63,1008,6.1,4.5,2.1,4.4,9.2,4.5,7.6,55.8,57.9,60.4,72,74,68,68,18,24,18
384,62,1605,62,1129,53,1386,66,1208,67,1208,59,856,55,813,74,1928,70,1273,70,1273,76,1105,64,932,100,2593,100,1821,100,1813,100,1460,0,0,0,0,12.5,9.1,0,72.9,84.8,65.5,57,44,,,3,3,4
385,0,0,0,0,1,26,1,26,1,27,1,27,3,68,26,505,26,518,26,519,0,6,0,6,81,1601,81,1608,81,1609,81,1635,6.7,4.7,8.6,13.1,15.8,14.8,16,57.6,49.7,61.7,66,63,64,63,43,51,44
386,25,209,26,215,24,198,24,204,24,206,24,206,26,220,31,255,31,260,31,262,31,263,31,263,100,828,100,841,100,845,100,847,8.8,6.4,2.3,0,8.8,27.7,11.6,54.4,59.6,67.4,65,62,66,62,20,24,22
387,29,271,35,328,45,426,45,425,45,427,45,427,29,278,45,425,45,423,45,425,57,536,56,536,98,923,98,920,98,922,98,924,6.8,6,13.6,18.5,12.5,16.9,16.7,52.3,60.2,71.2,68,65,65,65,48,53,44
388,15,215,7,64,14,206,21,206,20,195,0,0,0,0,59,853,48,473,47,462,37,308,39,324,97,1410,96,947,96,937,95,784,0,5.8,1.8,7.7,8.2,15.4,16.4,68.9,73.1,87.3,73,67,71,65,8,15,16
389,13,459,37,1309,33,1176,13,460,13,460,13,460,16,534,18,626,18,627,18,627,18,627,19,627,84,2990,84,2992,84,2991,80,2868,3.1,7.5,5.4,8.3,8.7,13.3,8.9,53.3,53.8,51.1,79,79,81,73,23,28,25
390,0,0,0,0,0,0,0,0,0,0,0,0,17,136,76,600,93,731,93,729,93,737,93,739,36,279,35,276,37,286,22,175,1.6,0,2,1.8,8.1,6,10,54.8,66,74,74,70,67,72,18,22,14
391,0,0,0,0,0,0,0,0,0,0,0,0,0,0,0,0,0,0,0,0,0,0,0,0,71,688,71,688,71,688,71,688,1.3,1.4,0,1.4,2.6,2.8,1.8,78.2,90.1,94.6,76,78,79,75,4,5,4
392,29,1191,29,1186,30,1259,54,2217,53,2160,53,2133,53,2121,9,358,28,1145,28,1146,28,1125,27,1085,87,3606,88,3581,87,3568,87,3523,0,0,0,0,6.6,4.3,6.7,84.9,91.8,95.9,79,78,78,77,1,2,1
393,15,390,15,390,62,1655,51,1378,54,1502,55,1622,56,1643,18,475,21,574,34,960,33,960,33,961,64,1705,63,1700,62,1741,59,1739,0,0.6,1.1,3.4,7.5,9.4,7,71.3,79.9,82.9,71,75,76,73,9,9,8
394,0,0,12,170,26,369,26,371,26,371,25,362,0,0,0,1,10,139,12,179,9,130,9,134,48,688,48,690,48,692,47,680,0,1.3,1.4,1.3,6.9,7.7,5.8,69.4,64.1,82.6,76,77,80,81,17,19,12
395,52,343,52,341,22,149,22,148,22,148,22,149,18,117,89,594,89,591,89,593,30,202,29,187,77,512,45,297,45,298,45,296,0,0,0,8.7,13.8,17.4,0,69,65.2,85.7,76,78,79,77,9,9,13
396,0,0,0,0,0,0,0,0,0,0,0,0,0,0,0,0,0,0,0,0,0,0,0,0,0,0,0,0,0,0,0,0,3.1,3.8,1.8,5.8,10.9,1.9,5.4,65.6,64.2,78.6,68,65,69,72,10,13,10
397,0,0,0,0,94,1061,44,495,42,453,42,391,100,919,91,1021,91,1021,90,979,100,917,99,917,91,1023,91,1024,94,1024,100,921,0,0,0,6.7,9.7,5.9,8.8,64.5,64.7,76.5,63,59,74,79,4,5,6
398,0,0,0,0,0,2,0,0,0,0,0,0,1,2,0,0,0,0,0,0,0,0,0,0,100,424,100,415,100,397,100,384,5,0,0,0,10,0,15.4,50,91.7,84.6,76,,,,5,5,4
399,53,579,37,391,56,608,53,558,54,558,0,0,74,767,49,532,50,533,51,533,82,845,82,845,100,1085,100,1057,100,1036,100,1030,0,1.8,0,0,1.9,5.3,5.7,65.4,66.7,79.2,71,72,75,71,4,5,5
400,0,0,0,0,0,0,0,0,0,0,0,0,0,0,0,0,0,0,0,0,0,0,0,0,51,454,53,468,53,468,53,468,0,0,0,0,3.1,6.7,0,68.8,90,90.9,80,78,75,67,3,2,3
401,20,167,20,167,7,60,7,60,7,60,7,60,8,66,28,232,28,233,28,233,9,72,9,72,57,472,36,295,36,294,36,292,3,0,0,4.3,6.1,3.1,5.3,72.7,56.3,78.9,73,79,72,67,11,10,28
402,0,0,0,0,1,6,7,39,7,39,7,40,8,46,2,12,2,12,2,12,2,12,2,11,0,1,38,217,0,0,0,0,0,0,4.5,0,4.2,5,18.2,62.5,75,63.6,77,75,73,74,5,6,7
403,20,142,20,141,12,81,12,80,12,78,7,47,14,85,15,103,15,101,15,99,14,89,2,10,0,0,0,0,0,0,0,0,0,8.7,0,0,8,4.3,0,68,69.6,88.2,78,76,73,73,5,6,6
404,0,0,0,0,67,574,62,533,63,532,63,533,56,472,47,403,65,551,65,550,65,551,65,548,92,780,85,723,85,719,85,720,1.9,4.8,1.9,3.1,11.1,4.8,11.3,55.6,54.8,58.5,72,64,73,70,13,18,26
405,0,0,2,24,1,10,0,0,0,0,0,0,0,0,1,10,1,10,1,7,1,7,1,7,99,1369,81,1120,81,1120,81,1118,1.1,0,0,1.8,7.9,5.5,11.3,70.8,82.4,79.2,73,72,75,77,6,6,11
406,19,179,16,135,17,155,17,146,17,146,19,158,13,103,14,128,15,128,15,128,16,130,15,117,33,307,35,306,36,306,38,307,0,3.7,0,4.3,0,11.1,9.5,71.8,74.1,81,82,80,79,73,5,7,8
407,1,4,1,4,23,168,25,179,25,177,25,177,19,136,24,176,24,170,24,168,24,168,15,105,44,322,41,294,40,285,40,277,3,3.2,0,5,6.1,19.4,10.5,63.6,51.6,73.7,76,80,76,70,8,10,11
408,36,387,36,383,36,389,36,385,36,385,36,379,36,371,40,435,40,431,40,431,40,425,0,0,0,0,0,0,0,0,0,0,0,0,0,0,4.8,8.5,9.1,71.4,76.6,72.7,79,76,81,76,7,6,5
409,30,313,29,304,30,314,30,311,30,308,29,301,0,0,30,314,30,311,30,308,29,301,29,297,58,614,59,620,59,620,60,617,0,0,0,0,6.9,3.4,0,79.3,62.1,79.5,74,71,77,70,1,1,1
410,0,0,0,0,20,204,0,0,0,0,0,0,20,203,0,0,0,0,0,0,0,0,0,0,98,980,99,989,99,987,99,988,0,0,0,0,8.3,5.3,5,58.3,73.7,80,75,76,79,78,3,4,3
411,8,50,21,130,0,0,0,0,0,0,0,0,0,0,0,0,0,0,0,0,0,0,0,0,36,223,1,7,1,7,1,7,4.3,4.1,0,0,10.6,2,6,68.1,67.3,70.1,71,,70,65,9,11,15
412,0,0,0,0,0,0,0,0,0,0,0,0,0,0,2,4,2,4,2,4,1,3,1,3,1,2,1,2,1,2,1,2,0,0,0,8.3,16.7,0,0,50,50,62.5,72,78,79,74,3,4,7
413,0,0,0,0,0,0,0,0,0,0,0,0,0,0,0,3,0,3,0,3,0,3,0,3,15,180,14,176,14,176,14,175,0,1.2,1.7,1,3.1,2.5,6.9,66.2,86.4,77.6,74,74,65,67,2,3,4
416,95,852,4,40,100,893,100,893,100,893,100,893,100,893,100,893,100,893,100,893,100,893,100,893,97,865,100,893,100,893,97,865,0,2.3,0,0,6.4,4.7,3,63.8,62.8,57.6,71,72,70,48,7,7,6
417,29,227,26,185,42,331,46,331,51,331,51,331,42,273,41,325,45,325,50,325,50,325,50,325,59,465,65,467,71,464,71,462,0,0,2.1,0,12.5,11.9,6.4,68.8,73.8,72.3,80,82,82,82,8,8,13
418,35,413,0,0,31,363,31,363,31,363,0,0,36,422,30,349,30,349,30,349,44,521,45,522,87,1017,76,892,76,892,63,740,0,0,1.5,0,2,0,10.3,70,73.2,79.4,75,80,71,61,4,4,4
419,0,0,0,0,0,0,0,0,0,0,0,0,0,0,0,0,0,0,0,0,0,0,0,0,92,875,20,192,20,192,10,96,0,0,1.8,1.3,8.5,10.4,12.3,78,74.6,75.4,69,77,77,70,1,1,1
420,0,0,0,0,35,386,34,377,34,377,35,377,17,176,52,583,52,582,53,582,54,582,55,581,60,673,49,544,49,538,48,520,0,0,0,1.6,3.3,9.7,9.5,73.8,77.4,82.5,76,76,77,68,3,4,5
421,0,0,0,0,0,0,0,0,0,0,0,0,0,0,0,0,0,0,0,0,0,0,0,0,4,23,2,10,2,10,2,10,0,0,0,0,2.6,2.2,5.7,70.1,71.1,65.7,77,52,64,66,4,5,5
422,7,66,0,0,10,88,3,22,3,22,4,22,3,20,9,75,1,9,1,9,2,9,2,10,34,301,29,235,29,235,40,235,0,4.2,6,6.3,10.5,0,7.5,59.2,61.1,55.2,59,67,67,71,18,20,39
423,0,0,0,0,6,50,4,30,4,30,4,30,3,24,2,14,2,14,2,14,2,14,2,14,11,92,12,93,13,93,13,93,0,3.9,0,0,4.9,11.5,2.5,82.9,84.6,82.5,72,74,71,69,6,7,7
424,0,0,0,0,58,450,43,333,43,332,43,333,43,335,46,355,46,356,46,355,46,356,46,357,27,207,30,234,30,234,30,234,0,0,3.7,5,5,6.3,14.8,70,93.8,81.5,76,78,75,71,2,2,2
425,0,0,0,0,0,0,0,0,0,0,0,0,0,0,0,0,0,0,0,0,0,0,0,0,0,0,0,0,0,0,0,0,0,0,0,0,0,0,7.1,75,60,85.7,79,73,66,70,3,3,4
426,0,0,0,0,69,560,69,560,69,560,69,560,62,500,69,558,69,559,69,559,69,558,69,559,64,516,64,518,64,518,64,518,0,0,0,5.9,8.6,4.3,5.3,62.9,82.6,68.4,73,73,74,76,8,10,12
428,0,0,0,0,0,0,0,0,0,0,0,0,0,0,0,0,0,0,0,0,0,0,0,0,5,26,7,38,7,35,7,35,0,2.3,0,16.7,7.5,11.6,11.8,65,65.1,52.9,78,74,80,74,17,20,17
430,0,0,0,0,34,558,33,526,32,495,32,495,75,969,0,0,0,0,0,0,0,0,0,0,32,533,35,559,36,559,37,559,1.8,0.9,4.7,3.7,6.3,11.8,5.8,68.5,68.2,76.7,84,82,82,81,20,23,27
431,0,0,0,0,0,1,0,1,0,1,0,1,0,0,0,1,0,1,0,1,0,1,0,0,5,32,3,19,3,19,2,17,2.5,0,2.3,6.3,12.5,0,6.8,52.5,63.2,79.5,69,73,70,69,13,16,16
432,0,0,0,0,10,95,0,0,0,0,0,0,0,0,0,0,0,0,0,0,0,0,0,0,27,248,27,248,28,249,28,249,0,0,2.4,0,5.4,1.9,0,62.5,77.8,82.9,66,77,72,66,8,10,12
433,0,1,0,1,0,1,0,1,0,1,0,1,0,1,0,0,0,0,0,0,0,0,0,0,65,210,65,209,64,208,64,208,0,0,0,0,5.3,5.6,0,68.4,83.3,100,,74,65,76,2,3,5
434,0,0,0,0,0,0,12,138,13,135,13,130,14,124,13,154,13,149,13,142,0,0,0,0,0,0,0,0,0,0,0,0,0,1.4,0,3.2,3.1,13.9,3.9,63.1,69.4,72.5,70,71,73,71,2,4,6
435,0,0,0,0,0,1,0,1,0,1,4,9,3,6,5,13,5,12,5,12,6,13,6,14,10,24,10,24,10,24,11,25,0,0,0,,9.1,0,20,63.6,60,100,75,83,81,68,6,7,8
436,0,0,0,0,34,204,34,204,34,203,39,234,46,279,39,237,45,269,44,268,44,268,44,266,48,290,48,290,48,289,48,289,0,3.5,2.9,7.8,7.3,0,8.8,70.7,75.9,67.6,73,67,75,73,15,16,15
437,0,0,0,0,1,14,1,14,1,14,1,14,0,0,1,14,1,14,1,14,1,14,0,0,53,749,54,728,54,681,56,643,1.8,1.1,1.2,2.5,3.5,5.4,8.1,67.5,71.7,62.8,75,73,73,70,9,9,15
438,1,6,1,6,62,682,40,368,41,332,43,287,41,170,60,665,58,534,46,372,46,308,33,136,78,863,83,762,82,661,80,540,0,0,0,0,9.8,0,4.8,75.6,60.6,81,73,67,79,,4,7,12
442,0,0,0,0,36,268,37,268,37,268,51,364,47,334,43,321,45,328,45,328,51,364,51,364,44,331,45,331,46,331,46,331,4.3,2,9.1,8,14.9,2,10.9,44.7,70.6,63.6,75,78,77,70,20,23,16
443,0,0,0,0,0,0,0,0,0,0,0,0,0,0,0,0,0,0,0,0,0,0,0,0,0,0,0,0,0,0,0,0,0,0,0,0,3.1,5.3,11.4,68.8,78.9,82.9,68,74,75,71,7,6,10
444,0,0,0,0,0,0,0,0,0,0,0,0,0,0,0,0,0,0,0,0,0,0,0,0,0,0,0,0,0,0,0,0,3.5,0,0,5.9,3.5,3.8,9.2,69,61.3,80,64,67,61,56,13,17,24
445,0,0,0,0,19,192,19,192,19,191,19,192,17,171,2,25,2,25,2,25,2,25,2,25,100,1019,100,1019,100,1018,100,1019,0,0,0,0,4.8,6.3,4.1,69.9,70.3,75.7,77,73,70,69,4,5,6
446,0,0,0,0,0,0,0,0,0,0,0,0,0,0,0,0,0,0,0,0,0,0,0,0,19,102,6,32,6,32,7,32,0,1.6,0,0,11.5,9.8,10.2,65.4,72.1,49,51,48,59,72,7,10,12
447,0,0,0,0,0,0,0,0,0,0,0,0,0,0,0,0,0,0,0,0,0,0,0,0,88,887,41,395,42,387,42,383,0,1.2,0,1.4,8.8,8.4,5.3,67.7,69.9,64.2,64,66,81,78,5,7,6
448,15,239,14,222,45,735,46,728,47,728,2,31,0,0,46,744,46,728,47,728,39,586,45,587,54,882,52,838,50,774,49,735,1.4,1.5,1.2,1.3,5.5,9.1,12.8,78.1,77.3,69.8,67,69,66,72,5,6,5
449,13,121,8,73,18,173,18,171,19,175,19,173,0,0,19,177,19,175,19,180,19,180,19,176,42,391,42,393,42,398,42,391,0,0,0,0,4.6,0,30,81.8,88.9,86.7,76,71,76,77,1,1,1
450,0,0,0,0,0,0,0,0,0,0,0,0,0,0,0,0,0,0,0,0,0,0,0,0,40,551,37,503,41,545,42,539,0,0,0,1,8.5,7.4,8.4,73.4,70.5,69.9,74,73,74,71,3,3,4
451,0,0,0,3,0,2,0,2,0,2,0,2,0,0,0,2,0,2,0,2,0,3,0,3,97,1373,97,1314,97,1269,97,1185,0,0,0,0,5.7,8.2,1.6,77.1,77,77.8,68,72,60,78,,,
452,3,16,0,0,19,117,21,129,21,127,21,128,0,0,19,116,23,139,22,135,22,136,25,131,98,591,97,583,97,581,97,585,0,3.7,0,0,2,5.6,11.9,73.5,81.5,66.7,81,73,84,81,10,8,6
453,0,0,0,0,56,514,56,510,56,511,56,511,54,496,0,0,11,98,11,99,11,99,12,111,98,899,93,855,93,853,93,856,0,1.9,0,1.9,7.5,3.7,2.1,62.5,55.6,60.4,78,76,80,72,15,20,31
454,0,0,0,1,12,64,11,62,11,62,11,57,6,33,11,57,10,56,10,56,9,51,7,36,23,125,23,125,23,125,23,124,0,0,0,0,4.6,5,0,63.6,70,81.3,77,80,65,69,5,5,6
455,10,83,11,84,13,111,17,127,17,126,17,126,20,149,17,146,19,146,19,145,19,145,19,145,0,0,0,0,0,0,0,0,3.9,0,4.8,2.9,0,13.3,4.8,69.2,66.7,76.2,79,77,78,69,5,7,5
456,45,180,33,183,44,177,33,178,33,178,33,183,91,181,39,155,29,156,29,158,30,163,82,164,47,188,100,547,100,546,100,552,,,,,,,,,,,89,88,89,83,20,11,16
457,0,0,0,0,0,0,0,0,0,0,0,0,0,0,0,0,0,0,0,0,0,0,0,0,59,218,59,217,59,217,60,218,0,0,0,0,0,11.1,22.2,88.9,100,88.9,74,66,77,73,3,3,3
458,0,0,0,0,9,36,0,1,0,1,0,1,2,8,9,36,16,62,16,62,16,62,16,63,85,334,68,266,68,266,68,266,0,0,0,0,0,10.3,3.1,85.7,65.5,71.9,69,76,71,71,4,6,8
459,0,0,0,0,13,124,13,124,13,124,13,124,10,93,13,124,13,124,13,124,13,124,13,124,43,420,43,420,43,420,43,420,0,0,0,1.6,9.2,11.9,12.1,72.3,76.3,83.3,68,62,77,70,10,11,14
460,35,383,35,383,0,0,0,0,0,0,0,0,0,0,33,357,33,358,6,65,25,270,26,270,100,1082,100,1083,100,1084,100,1072,2.7,4,4.5,4.7,4.1,6.6,6.1,68.9,69.7,83.3,73,68,71,67,11,12,14
462,0,0,1,4,0,3,0,4,1,4,1,4,0,0,0,4,0,4,1,4,1,5,1,5,43,368,44,353,47,356,47,350,0,0,4.4,3.6,12.3,10.1,8.8,64.4,60.8,48.5,62,71,71,71,7,12,20
463,80,861,79,793,41,440,37,374,37,374,37,374,0,0,44,472,57,578,13,128,32,328,33,328,34,366,28,282,28,282,28,283,3.8,0,3,3.7,15,7.9,12.1,57.5,52.4,34.8,64,67,71,69,14,20,17
464,32,459,5,67,20,282,10,122,10,123,10,123,13,165,25,358,16,199,16,200,16,200,16,201,19,278,21,273,21,273,25,312,0,1.1,0,1.1,3,5.5,4.7,67.3,75.8,70.6,74,66,71,62,2,3,4
465,0,0,0,0,0,0,0,0,0,0,0,0,0,0,0,0,0,0,0,0,0,0,0,0,100,495,100,495,100,495,100,495,0,0,0,4.5,15.4,2.9,10,80.8,52.9,75,75,73,70,79,8,10,18
466,0,0,0,0,5,46,5,46,5,46,5,46,7,61,7,69,7,69,7,70,7,70,8,70,45,437,43,410,46,439,46,432,1.5,0,0,1.4,7.4,3,8.2,60.3,65.2,63,74,71,72,78,9,12,14
467,37,267,11,77,40,287,40,287,40,287,40,287,26,178,60,429,60,429,60,427,60,427,61,417,35,251,0,0,0,0,0,0,0,0,0,0,8,6.3,4.9,70,77.1,68.3,70,67,75,73,5,5,6
468,0,0,0,0,15,13,15,13,17,15,17,15,0,0,31,27,31,27,35,31,33,29,33,29,74,64,70,60,70,62,72,63,,,,,,,,,,,,,,,,,
469,0,0,0,0,0,0,0,0,0,0,0,0,0,0,0,0,0,0,0,0,0,0,0,0,90,621,91,630,91,633,91,628,0,0,0,0,9.1,13.6,9.1,86.4,100,77.3,69,64,67,67,,,
470,0,0,50,514,16,160,15,159,15,159,15,157,5,56,7,69,7,69,7,69,7,69,6,66,48,498,48,493,37,381,37,379,0,0,0,0,13,14.8,8.3,69.6,85.2,83.3,72,79,73,71,2,2,1
471,17,211,35,450,85,1080,85,1079,85,1080,85,1082,44,558,44,556,47,603,47,601,47,604,47,598,98,1244,100,1268,100,1269,100,1273,0,2.1,4.4,3.7,6.1,8.3,8.9,65.3,75,60,76,75,70,59,6,7,7
472,14,77,16,89,2,10,2,11,2,11,2,11,0,0,10,55,10,56,10,56,10,56,10,55,69,378,69,375,69,372,69,369,6.3,0,0,0,6.3,0,0,62.5,88.2,100,79,74,82,70,2,2,4
473,42,445,61,635,79,832,79,822,79,828,79,814,0,0,54,572,54,564,66,687,56,571,56,566,88,921,88,911,80,835,80,821,0,3.3,0,0,3.6,3.3,4,60.7,60,76,75,75,62,67,,,
474,19,217,44,511,61,701,61,698,61,698,61,695,51,579,48,552,48,552,48,552,48,552,48,552,36,410,34,392,34,391,34,389,2.6,0,0,0,5.1,6.7,13.5,79.5,76.7,62.2,72,72,76,81,4,3,5
475,19,166,19,162,12,108,13,109,13,109,13,107,0,0,32,283,33,280,27,225,33,272,43,260,100,878,100,845,100,841,100,818,0,0,0,0,11.1,0,11.1,72.2,69.2,77.8,88,86,86,82,,,
